Engine HP,city mpg
335,19
300,19
300,20
230,18
230,18
230,18
300,17
300,20
230,18
230,18
300,20
230,19
300,19
230,19
230,19
320,18
320,20
172,17
172,17
172,16
172,17
172,16
172,17
172,16
172,17
172,17
172,16
172,16
172,16
172,17
172,16
172,16
160,26
160,26
160,26
130,18
158,17
158,17
130,18
130,18
158,17
240,23
240,23
320,20
240,23
240,22
320,20
240,22
320,20
320,20
335,21
335,21
335,21
335,21
248,23
248,24
248,24
248,23
162,16
162,15
162,15
217,16
217,16
162,16
184,23
184,23
295,18
184,23
184,23
295,18
184,23
184,23
295,18
295,18
184,23
184,23
184,23
184,23
295,18
295,18
184,23
184,23
184,23
295,18
184,23
184,23
184,23
115,26
115,26
140,21
140,21
115,25
115,25
115,25
115,25
140,20
155,19
155,19
155,19
155,19
155,19
155,20
155,20
155,20
114,19
114,18
114,19
114,19
114,19
114,19
114,19
114,18
100,29
100,29
100,28
100,28
100,28
100,28
100,29
100,29
100,28
100,28
100,29
100,29
300,20
240,22
240,22
240,22
300,20
320,20
248,23
241,22
335,25
240,23
300,21
180,32
240,22
240,22
180,23
300,20
180,31
240,23
180,31
180,24
180,30
320,22
180,32
240,22
240,22
240,22
240,22
180,24
180,23
180,30
320,22
248,23
180,23
180,23
248,23
180,30
248,23
180,32
320,21
320,21
180,30
177,15
177,15
158,17
177,15
177,15
177,16
177,15
228,14
217,15
121,23
121,23
228,14
228,15
177,15
177,15
217,15
177,16
148,18
177,15
158,18
177,15
217,17
121,23
228,14
217,17
148,18
177,15
194,17
228,14
218,17
161,17
320,16
320,16
161,17
218,17
218,17
320,16
161,17
300,18
292,19
292,19
292,18
300,19
292,19
292,18
292,18
300,18
300,19
292,18
292,19
292,18
292,18
300,19
292,19
292,19
292,19
300,18
292,18
292,18
292,18
300,18
292,19
300,19
300,18
292,19
292,19
292,18
300,19
250,16
250,16
255,16
250,16
250,16
255,16
222,16
222,16
300,16
222,16
300,16
222,17
222,17
222,17
300,16
222,17
222,17
222,17
82,25
82,25
82,25
82,24
82,25
134,19
134,19
134,19
134,19
306,17
306,17
306,17
306,17
306,18
306,18
306,17
306,17
306,18
306,17
306,17
306,18
306,18
306,17
306,17
306,17
306,17
306,17
306,17
306,17
306,18
306,17
306,18
306,18
306,18
306,17
306,18
306,17
306,17
306,17
306,17
306,17
306,17
306,17
400,10
400,10
400,10
400,10
400,10
400,10
400,10
400,10
400,10
425,10
400,10
400,10
400,10
350,19
332,17
332,18
332,18
332,19
332,19
332,18
332,18
332,18
332,18
332,18
332,17
332,19
350,18
350,18
332,19
350,19
332,18
332,17
350,19
332,19
332,19
350,18
332,19
332,17
350,18
332,18
332,18
350,19
332,18
332,18
332,19
332,18
332,18
332,18
332,19
332,19
332,18
350,18
350,18
332,17
332,18
332,17
332,19
332,18
332,18
332,18
332,18
350,19
350,19
332,19
184,25
184,28
155,30
155,29
155,29
184,25
184,27
184,28
184,26
155,30
155,30
155,29
155,30
155,30
155,29
155,29
184,26
155,30
155,29
184,27
155,29
155,30
155,29
155,30
184,27
155,29
155,30
155,30
155,30
155,29
184,27
184,25
155,30
155,30
155,29
155,29
184,28
155,29
184,26
184,28
155,28
155,27
184,25
184,27
155,28
184,26
184,25
155,27
184,26
155,28
155,28
184,25
155,27
240,22
240,23
240,23
240,22
300,21
300,20
240,22
300,20
300,20
240,23
320,21
320,21
248,23
248,23
300,20
300,21
240,21
240,22
240,23
300,20
240,22
240,21
240,23
300,20
240,23
240,23
240,21
240,23
240,22
300,20
240,23
300,20
240,22
300,20
300,20
248,23
248,22
320,21
248,23
248,23
320,20
320,21
320,21
268,15
282,12
275,16
275,13
201,14
201,14
442,9
442,9
442,9
442,9
442,9
442,9
562,13
562,13
562,13
597,13
562,13
562,13
562,13
597,13
237,24
237,24
237,24
237,24
237,24
270,17
270,17
270,17
270,17
270,17
270,17
270,17
270,17
270,17
270,17
270,17
270,17
270,17
270,17
270,17
270,17
270,17
270,17
270,17
270,17
270,17
270,17
270,17
270,17
270,17
270,17
300,19
445,16
300,18
445,16
300,18
445,16
300,19
300,18
300,19
445,15
443,16
302,20
255,26
241,22
255,26
443,17
241,23
302,20
255,26
302,20
302,20
240,22
240,23
443,16
443,17
255,26
322,13
322,11
322,13
322,13
315,12
315,14
315,14
315,12
160,28
101,31
135,28
101,28
101,28
160,28
101,31
101,28
101,31
101,31
101,31
160,28
101,31
101,31
101,31
160,28
101,31
101,31
101,31
135,28
101,31
101,31
160,28
101,27
101,27
101,27
160,28
101,27
160,25
160,25
160,22
160,25
160,25
160,25
160,25
160,22
160,25
160,25
160,22
160,22
160,22
180,21
180,22
180,21
180,22
180,22
180,21
160,25
180,22
180,21
180,21
180,22
180,21
180,21
180,22
160,25
485,8
485,8
238,12
238,12
238,12
238,12
562,16
515,9
515,9
515,9
515,9
515,9
515,9
543,10
631,10
604,10
543,10
620,10
543,10
620,10
611,11
611,11
611,11
611,11
661,11
157,22
157,22
157,21
157,22
157,21
157,22
157,22
157,22
157,21
157,21
157,21
445,16
315,20
315,20
445,17
445,15
315,20
445,17
315,20
445,17
315,19
445,15
315,20
445,17
315,20
315,20
315,21
445,16
315,20
445,17
445,16
315,20
315,20
445,15
445,17
315,20
315,20
445,16
445,17
445,16
315,21
445,17
315,19
315,20
315,19
445,17
445,15
402,10
389,11
389,12
389,11
140,17
110,20
140,17
140,17
140,17
140,17
140,17
110,19
532,9
532,9
532,9
170,19
170,19
130,23
130,19
165,19
165,19
125,19
125,23
165,19
125,23
165,19
604,10
543,10
631,10
543,10
620,10
620,10
543,10
641,16
641,16
184,26
184,26
184,25
184,25
184,28
184,26
184,26
184,25
184,26
184,25
184,26
184,24
184,24
184,26
184,26
535,13
315,19
445,16
445,16
315,19
315,19
445,17
445,16
255,23
445,17
320,21
445,16
445,17
445,16
320,19
320,21
300,21
350,20
114,19
153,19
114,19
114,19
114,19
153,18
162,17
162,18
114,18
162,17
162,18
114,18
162,17
114,18
114,18
114,18
144,15
162,16
162,16
188,16
144,15
282,15
322,12
372,10
322,12
282,14
322,12
282,14
108,19
130,16
130,18
130,16
130,18
130,16
222,17
168,18
240,17
168,18
168,18
222,17
168,18
240,17
222,17
222,17
168,18
222,17
240,17
168,18
240,17
222,17
168,18
168,18
168,18
168,18
240,17
222,17
240,17
190,18
190,18
222,17
205,21
200,24
227,17
165,20
230,18
173,19
220,20
220,20
220,20
220,20
220,20
220,20
220,18
220,18
220,18
220,20
220,19
220,18
220,18
220,20
220,19
220,18
220,20
220,18
210,17
280,15
210,19
280,15
210,19
210,19
280,15
210,19
210,19
210,19
210,19
210,19
210,17
210,19
207,17
207,21
207,21
207,20
207,17
207,19
207,19
207,17
207,19
210,21
210,17
210,17
210,20
210,21
210,19
210,19
210,17
210,19
265,18
265,17
265,18
265,17
300,15
260,17
260,17
260,17
260,17
260,17
260,17
300,16
220,20
300,17
220,18
300,17
290,14
300,13
300,13
285,14
390,12
390,12
285,14
300,14
225,18
210,16
170,18
200,18
210,16
170,18
225,18
200,18
200,18
225,18
185,18
185,15
150,18
170,17
185,18
170,17
150,18
150,18
185,18
170,17
150,18
150,18
185,18
185,18
185,18
185,18
170,17
150,18
185,18
185,18
185,18
185,18
185,18
172,15
172,18
172,18
172,17
172,18
172,18
172,17
172,17
172,17
350,19
430,18
430,18
400,18
400,19
520,17
350,19
520,17
350,19
350,19
430,18
560,17
560,17
475,15
400,19
400,18
430,18
350,18
400,18
350,19
430,18
400,18
430,18
350,19
400,19
430,18
350,19
520,17
350,19
350,18
430,18
430,18
350,19
560,17
350,19
400,18
350,19
400,19
400,18
350,19
520,17
560,17
475,15
500,14
540,20
370,19
580,20
420,20
420,20
420,20
420,20
370,20
370,20
540,20
580,20
370,20
420,20
370,20
345,11
345,11
345,11
195,17
193,17
193,17
114,17
114,17
162,17
114,17
114,17
162,17
114,17
114,17
162,17
162,17
162,17
162,17
162,17
114,17
208,15
208,15
208,15
208,15
181,15
181,15
181,16
181,16
181,16
181,16
236,15
236,15
236,15
236,15
236,15
236,15
150,31
150,31
220,24
170,24
170,23
220,24
170,24
220,24
150,31
220,23
170,23
170,24
220,23
220,23
170,23
220,24
220,23
220,24
150,31
220,24
170,24
170,24
170,23
170,24
220,23
150,31
170,23
150,31
220,23
220,24
170,23
170,23
170,24
220,23
150,31
220,26
186,26
220,26
186,25
186,26
220,25
220,25
220,25
186,26
186,25
186,25
220,26
252,23
252,23
252,23
220,22
220,22
220,22
220,24
220,22
220,24
220,22
220,24
220,22
220,22
220,22
220,22
220,22
220,22
220,22
252,25
190,27
252,24
252,24
252,25
252,25
252,24
190,27
190,27
252,24
220,22
220,22
220,21
220,21
220,22
220,22
220,23
220,15
220,15
240,24
220,20
220,25
310,18
220,25
310,18
220,20
240,24
252,22
252,24
252,24
240,25
333,20
333,20
240,25
252,22
252,22
333,22
340,22
333,21
252,22
252,24
252,24
310,18
310,18
240,24
240,24
240,25
333,20
240,24
333,20
333,21
333,21
240,24
500,14
450,18
333,18
450,18
333,19
281,15
281,15
281,17
281,17
281,16
281,17
281,16
281,16
288,17
281,16
288,16
281,17
281,15
281,15
281,15
281,15
281,15
288,15
281,15
281,15
288,15
281,15
281,15
194,21
310,18
194,21
194,21
194,21
310,18
194,21
194,21
310,18
310,18
310,18
138,27
138,27
138,27
138,27
138,27
138,27
137,27
137,27
137,26
137,26
137,27
137,26
137,26
137,26
137,26
137,27
137,27
137,27
100,22
106,19
100,19
271,17
271,17
271,18
271,18
271,18
271,18
271,18
271,18
271,18
271,18
195,50
195,50
195,50
196,50
196,50
196,50
212,49
212,49
212,49
196,47
278,18
278,21
278,21
185,24
185,26
185,27
185,24
278,18
189,26
185,24
185,26
185,27
185,26
278,21
278,21
185,24
185,27
278,21
185,26
189,24
185,27
278,21
185,27
185,26
189,26
278,21
185,27
278,21
185,26
185,26
189,23
185,27
185,26
185,23
185,27
185,23
185,26
189,26
185,23
185,26
185,27
278,18
278,21
278,21
185,23
278,21
185,27
189,26
185,23
185,26
185,23
278,21
185,23
278,21
189,26
185,27
185,27
185,27
278,21
278,21
278,21
278,18
185,26
185,26
189,23
185,26
185,27
278,21
185,26
185,27
185,27
189,26
185,23
189,23
185,26
150,20
150,20
150,19
150,19
150,18
335,23
335,23
335,23
350,22
350,22
335,22
480,17
480,17
155,21
155,22
155,22
155,22
155,22
155,21
155,22
155,21
155,22
155,22
155,21
155,21
155,22
155,21
155,21
155,22
155,22
155,22
155,21
155,22
155,22
155,21
155,21
155,22
155,22
155,22
155,22
155,21
155,21
155,22
155,22
135,16
135,15
155,14
135,15
140,15
155,13
140,15
140,16
140,15
140,15
152,13
140,15
170,18
170,18
140,21
170,18
140,21
140,21
140,21
170,18
170,18
140,21
170,18
140,21
170,18
170,18
140,21
140,21
170,18
140,21
170,18
140,21
140,21
140,21
170,18
170,18
200,14
200,14
295,13
250,14
250,15
300,14
250,15
250,14
250,14
300,14
250,15
220,20
220,20
220,20
220,21
220,21
220,21
220,21
220,21
540,16
600,15
600,15
540,16
540,16
540,16
540,16
540,16
540,16
540,16
540,16
600,16
375,13
198,35
158,35
198,33
182,27
182,27
270,22
182,27
270,22
270,22
270,22
182,27
270,22
270,22
182,27
182,27
182,27
182,27
182,27
270,22
270,22
179,27
179,27
270,22
179,27
270,22
179,26
179,27
264,17
264,17
264,17
503,16
503,16
456,16
317,13
317,12
317,13
317,12
317,12
317,13
317,13
317,12
317,12
317,12
317,13
317,13
317,13
317,12
390,14
390,14
390,13
390,13
390,14
390,13
450,10
500,10
450,10
450,9
500,10
450,10
500,10
450,10
500,10
450,9
235,13
235,12
302,14
302,13
385,20
303,13
303,14
63,31
63,31
63,31
63,29
63,29
63,29
63,29
190,15
190,14
190,14
190,14
190,15
190,14
190,12
190,14
190,12
190,14
190,14
190,12
321,18
321,18
272,21
272,20
272,20
321,18
321,18
272,21
272,20
321,18
321,18
272,21
272,21
272,20
272,22
272,22
335,20
272,22
272,22
335,20
272,22
335,19
272,22
335,19
272,22
335,19
272,22
335,20
272,22
272,22
272,22
335,20
272,22
335,20
335,19
464,17
464,17
464,16
464,16
272,20
272,21
202,21
272,21
321,18
321,18
272,20
272,20
321,18
321,18
321,18
272,20
272,21
272,21
202,21
321,18
335,20
272,22
335,20
272,22
335,19
272,22
272,22
335,20
202,22
272,22
335,19
202,22
272,22
272,22
272,22
335,19
335,20
272,22
335,20
335,19
272,22
272,22
272,22
250,15
215,17
215,16
250,16
250,15
320,15
320,15
320,15
320,15
320,15
320,15
320,15
320,15
320,15
320,15
320,15
320,15
320,15
320,15
320,15
200,40
200,40
200,40
200,40
200,40
200,40
200,40
200,40
200,40
268,21
268,21
268,21
268,21
268,21
268,21
268,21
268,21
268,21
268,21
268,21
268,21
268,21
268,21
268,21
283,19
173,20
283,19
173,21
283,19
173,21
173,20
173,21
283,19
173,20
700,10
700,11
720,10
720,11
700,10
700,11
720,10
720,11
700,10
750,11
750,11
700,11
107,27
107,27
107,27
107,27
107,27
107,27
108,27
108,27
108,27
108,27
108,27
108,27
108,27
108,27
108,27
108,27
108,27
108,27
302,12
302,12
302,12
302,12
302,12
302,12
302,12
302,12
302,11
302,11
138,19
138,17
138,16
138,18
293,19
293,20
293,20
293,19
293,20
293,19
185,16
185,17
185,16
185,17
185,16
185,17
500,9
450,10
450,9
450,9
177,85
177,85
177,85
119,19
160,14
160,15
150,15
119,19
150,15
119,19
150,15
150,15
119,19
160,15
160,15
119,19
160,15
160,16
119,19
150,16
150,16
150,16
150,16
160,15
119,19
150,16
150,16
119,19
160,15
119,19
119,20
119,20
143,16
143,15
143,16
160,15
119,20
143,16
143,16
160,15
160,14
143,16
143,15
207,14
148,16
143,21
148,16
148,16
207,15
207,14
207,15
143,21
143,21
207,15
150,15
150,15
150,15
150,15
119,19
119,19
150,15
207,16
150,15
140,21
207,14
140,21
150,15
250,16
250,16
250,16
250,16
250,16
250,16
250,16
250,16
250,16
250,16
250,16
250,16
250,16
250,16
250,16
250,16
250,16
250,16
245,16
245,16
245,16
245,16
245,16
245,16
245,16
245,16
245,16
245,16
245,16
245,16
165,19
210,16
210,16
165,19
210,16
165,19
210,17
210,16
210,16
165,19
210,17
165,20
210,16
210,16
165,19
170,24
210,23
210,23
170,21
140,28
210,23
170,24
170,24
210,23
210,23
170,24
140,28
210,23
170,24
210,23
170,24
210,23
140,28
210,23
170,21
210,23
210,23
170,21
140,28
170,24
170,21
210,23
170,21
170,21
140,28
150,30
210,23
210,23
150,30
210,23
170,24
210,23
170,24
170,24
170,24
210,23
150,30
150,30
210,23
210,23
210,23
210,23
150,30
150,30
210,23
170,24
170,24
170,24
170,24
170,24
210,23
210,23
210,23
150,30
210,23
150,30
210,23
210,23
170,24
210,23
210,23
210,23
170,24
210,23
210,23
170,25
210,23
210,23
170,25
210,23
170,25
170,25
210,23
210,23
210,23
210,23
170,25
210,23
210,23
210,23
170,25
210,23
170,25
170,25
150,31
210,24
170,25
170,25
170,25
210,23
170,25
210,23
210,24
170,25
170,24
170,25
210,23
210,24
210,23
170,24
210,23
150,31
210,23
210,24
170,24
210,24
170,24
150,31
170,24
150,31
210,23
170,24
170,24
150,31
170,24
150,31
170,25
210,24
170,25
210,24
210,23
210,23
210,23
210,24
170,24
150,31
210,24
210,24
170,25
170,25
150,31
170,24
170,25
210,23
210,24
170,25
170,25
170,25
170,24
210,24
170,25
210,23
210,23
170,25
210,24
170,25
170,24
210,24
170,24
170,25
210,23
170,24
170,24
170,24
170,24
170,24
210,23
170,24
170,24
170,18
120,22
120,21
160,18
120,22
155,18
320,15
320,15
320,15
320,15
320,15
320,15
300,11
190,14
190,13
190,15
190,13
190,14
190,14
190,13
190,13
190,14
190,14
190,13
190,14
190,15
190,14
200,128
200,128
205,17
205,17
240,16
205,18
275,15
205,18
275,15
205,18
205,18
337,15
276,17
276,16
276,17
337,15
337,15
337,15
337,15
276,16
315,20
265,20
330,19
315,20
265,20
330,19
315,20
265,20
270,14
270,14
270,14
275,14
275,13
275,14
275,14
132,23
132,23
132,23
132,23
132,23
140,16
140,16
140,15
140,15
140,15
140,16
140,15
140,16
185,12
185,12
185,12
205,12
205,12
205,12
199,13
199,13
199,11
530,10
530,9
140,15
140,15
170,15
170,15
200,22
200,25
200,22
200,22
200,22
200,22
200,25
200,22
200,24
205,21
205,21
205,21
241,24
302,19
241,19
451,13
241,25
302,20
241,24
329,21
241,25
503,18
241,25
469,18
201,22
241,24
362,21
241,25
241,24
503,18
469,18
241,25
241,25
241,24
241,24
241,24
362,21
503,18
469,17
241,24
241,24
241,23
241,24
469,18
241,24
241,24
503,17
241,22
241,23
188,42
188,42
188,42
188,42
188,42
188,42
227,21
227,21
227,21
227,21
227,21
227,21
268,16
276,16
276,16
302,16
302,16
302,16
227,19
227,18
227,19
400,13
400,13
400,13
172,17
172,17
172,17
94,22
94,22
94,22
94,22
94,21
94,21
115,21
115,21
115,21
115,20
115,21
115,20
115,20
115,21
115,20
115,20
115,21
115,21
115,21
115,20
293,19
293,19
293,19
293,19
293,19
290,20
290,20
290,20
158,23
172,23
158,23
158,23
158,23
158,23
158,23
172,23
158,23
158,23
158,24
172,23
158,24
158,24
158,24
158,23
553,16
453,13
483,13
483,13
323,17
323,17
580,14
426,16
426,16
426,16
426,16
323,17
323,17
505,13
323,17
323,19
580,14
455,16
275,21
455,16
275,21
275,21
275,21
455,16
455,16
455,16
455,16
275,20
275,22
455,16
455,16
275,20
275,22
275,20
650,14
275,20
650,14
200,40
200,40
200,43
200,40
200,40
200,43
200,42
200,40
200,40
157,20
225,18
225,18
225,18
157,21
225,18
157,20
157,21
225,18
157,20
155,21
210,18
210,18
155,22
155,22
210,18
155,22
210,18
210,18
210,18
155,21
210,18
155,22
155,21
210,18
210,18
210,18
155,22
210,18
155,22
210,18
155,21
178,25
178,25
268,21
268,21
178,25
178,25
178,25
178,25
178,25
178,25
178,25
268,21
268,21
178,24
178,24
178,24
268,21
268,21
178,24
185,18
185,17
185,18
242,16
242,16
185,18
185,18
242,17
242,16
185,18
185,17
242,17
185,17
242,17
200,20
200,19
305,17
200,19
200,20
200,19
305,18
200,20
200,20
200,19
305,17
200,20
305,17
305,18
200,19
305,18
305,17
305,18
305,17
305,17
305,17
305,17
305,18
200,19
200,19
305,18
200,20
200,20
200,19
305,18
200,19
305,18
305,17
200,20
260,15
200,16
200,16
200,16
260,15
260,15
200,16
180,20
180,20
180,20
180,20
180,20
180,20
180,20
180,20
180,20
180,20
180,20
180,20
150,17
180,17
180,17
180,17
150,17
180,17
170,17
170,17
150,17
605,9
605,9
200,20
200,20
200,20
200,20
200,20
200,16
200,16
200,16
200,16
140,22
140,22
140,22
140,22
140,22
140,22
140,23
140,23
140,23
140,23
140,23
140,23
140,23
140,23
140,23
140,23
140,23
140,23
140,23
140,23
420,17
520,14
240,20
440,16
420,17
520,14
300,19
570,14
240,20
520,14
300,18
440,16
570,14
420,17
295,18
275,20
325,20
325,20
340,19
275,20
325,20
340,19
275,20
200,21
200,22
200,21
280,17
200,21
200,22
200,22
200,22
200,22
200,22
200,21
200,22
200,21
200,22
200,22
280,17
200,22
200,22
200,22
200,22
200,22
200,21
200,22
200,21
200,21
200,22
200,22
200,22
200,22
200,22
200,22
200,22
135,17
110,20
140,25
180,20
180,20
140,23
140,23
180,22
180,22
180,21
140,25
140,23
140,25
180,21
140,23
180,21
180,22
140,25
175,18
175,18
175,18
375,15
485,14
375,15
485,14
305,19
375,15
707,13
485,14
375,15
305,19
375,15
485,14
305,19
485,14
375,15
375,15
305,19
707,13
485,14
375,15
375,15
485,14
485,14
375,15
707,13
375,15
305,19
375,15
485,14
305,19
485,14
375,15
375,15
485,15
485,15
707,13
370,16
292,19
370,16
292,18
292,18
292,19
292,19
707,13
292,19
485,15
485,15
370,16
292,19
370,16
292,19
292,19
370,16
485,15
707,13
292,18
292,19
370,16
485,15
292,18
485,15
195,14
195,14
195,14
200,14
200,14
200,14
200,13
200,13
200,13
160,17
120,21
160,18
168,17
168,17
168,16
131,24
131,24
131,24
131,24
131,24
131,24
62,36
108,24
92,27
108,24
92,27
62,36
102,30
125,25
160,23
106,29
160,23
125,26
160,23
106,28
127,26
143,30
143,31
143,30
205,22
110,44
205,22
143,28
205,22
143,30
110,44
205,22
143,30
205,22
110,27
110,44
110,44
143,30
143,29
143,29
143,28
143,28
205,22
110,27
143,29
205,22
143,30
174,31
174,31
174,31
174,31
158,27
158,31
174,31
158,31
158,30
174,31
158,26
158,31
174,31
174,31
158,31
174,31
158,30
174,30
180,30
174,31
174,31
174,31
180,30
174,32
174,31
174,32
174,31
174,32
174,31
158,31
158,28
158,30
174,31
174,32
174,32
158,31
158,31
158,28
158,31
158,30
174,32
174,30
200,14
200,14
200,15
200,14
230,14
200,14
200,15
200,15
230,11
200,15
200,14
200,15
230,14
200,15
230,11
200,14
200,14
200,15
200,15
200,15
200,14
200,15
200,15
200,14
200,14
200,14
200,14
200,15
200,14
230,12
200,14
230,12
200,16
200,14
200,16
230,13
200,16
200,14
200,16
200,16
230,12
200,16
200,14
200,14
230,13
200,14
200,16
200,16
200,16
200,14
200,16
200,14
200,14
200,16
230,13
230,13
230,13
230,13
230,13
230,13
255,12
255,12
255,12
255,12
621,12
510,12
429,15
536,15
621,12
536,15
429,15
510,12
621,12
429,15
510,12
536,15
208,26
208,24
355,23
208,26
375,23
208,24
208,26
208,23
375,23
225,17
225,17
225,17
225,17
260,17
260,17
225,17
225,17
260,17
140,22
140,22
268,17
475,12
268,17
382,15
382,15
268,17
382,15
500,12
382,15
475,12
268,17
268,17
382,15
382,15
268,17
402,17
577,16
329,20
329,20
402,17
329,20
329,19
577,16
402,17
402,17
402,18
402,17
577,16
148,24
148,24
260,22
148,24
173,22
148,24
173,22
155,25
155,25
260,22
155,25
260,22
155,25
155,25
155,25
155,25
260,22
155,25
155,25
155,25
155,25
155,25
300,14
242,17
185,18
185,18
242,16
242,17
242,17
185,18
185,18
185,17
185,18
185,18
185,17
185,18
300,14
242,16
200,19
200,20
305,18
305,18
200,20
200,20
200,19
305,17
305,17
200,19
305,17
305,18
305,17
305,17
200,20
200,19
200,20
305,17
200,19
305,17
305,17
305,17
305,17
200,20
305,17
200,19
200,19
200,19
305,18
305,18
200,20
200,19
200,20
305,17
200,20
200,19
200,20
305,18
92,27
92,25
92,28
113,23
92,28
92,28
113,23
92,28
113,23
92,28
113,21
92,25
92,27
113,21
113,19
92,28
92,28
113,19
113,23
92,28
136,19
113,21
113,21
136,19
136,18
92,28
92,28
113,23
113,23
234,16
200,18
250,16
200,19
234,17
250,17
200,19
234,17
250,17
600,10
600,10
600,10
552,11
552,11
552,11
626,12
600,10
616,13
572,13
500,15
521,15
567,12
626,12
626,12
567,12
521,14
500,14
500,15
567,12
521,15
521,14
500,15
500,14
626,12
582,12
582,12
521,15
626,12
600,10
600,10
567,11
567,11
500,14
500,14
567,12
521,14
621,12
621,12
621,12
621,12
621,12
420,10
400,10
420,10
420,10
420,10
420,10
275,15
275,15
275,15
275,15
275,15
305,17
305,16
305,16
305,17
195,17
200,17
200,18
125,21
125,21
125,21
125,21
125,21
125,21
170,18
125,21
325,10
137,27
137,28
140,30
132,29
140,30
132,29
132,27
132,28
132,28
132,29
132,29
132,29
140,30
132,29
140,30
132,29
132,29
132,28
132,29
132,28
132,29
140,30
132,29
140,30
132,27
132,29
132,29
132,28
140,30
132,28
132,27
140,30
132,28
132,28
132,28
132,28
158,18
178,16
178,16
178,16
120,22
120,21
455,17
455,17
455,17
455,17
460,17
460,17
650,15
455,17
460,17
455,17
650,15
460,17
455,17
460,17
460,17
455,17
650,15
650,15
650,15
650,15
455,17
455,17
650,15
650,15
460,17
455,17
650,15
650,15
460,17
455,17
460,17
460,17
455,17
650,15
455,17
650,15
460,17
460,17
455,17
455,17
650,15
455,16
460,16
455,16
650,15
455,16
455,16
460,16
460,16
460,16
650,15
460,16
455,16
455,16
460,16
460,16
460,16
650,15
650,15
650,15
460,16
460,16
460,16
460,16
164,16
164,15
390,10
390,10
385,11
385,10
390,11
390,12
188,17
185,22
185,23
185,22
185,23
185,22
185,22
185,22
185,23
185,23
185,23
185,26
185,27
185,26
185,27
185,26
185,26
185,26
185,27
185,27
185,27
185,25
185,25
185,26
185,25
185,26
185,26
185,25
185,26
185,26
185,25
185,26
185,25
130,36
130,31
130,31
130,31
130,36
130,36
130,31
130,36
130,31
130,31
130,36
130,36
130,31
130,31
130,36
130,31
130,36
130,36
190,17
190,17
190,17
215,15
215,15
330,15
215,15
330,15
215,15
215,15
215,15
215,15
215,15
215,15
215,15
278,20
278,19
278,20
192,22
278,20
192,22
278,19
192,22
278,20
192,22
192,22
192,22
278,20
278,19
278,19
278,20
192,22
278,19
278,20
278,20
192,22
278,19
192,22
278,20
160,30
148,23
148,26
148,26
148,23
160,30
148,23
148,26
148,26
148,23
224,16
224,16
239,16
138,28
138,25
138,26
138,26
138,26
138,26
138,25
138,26
138,22
138,25
138,26
138,28
138,25
138,26
138,26
138,22
138,26
138,26
148,27
153,30
153,29
153,29
153,30
153,29
153,30
153,29
153,28
153,30
153,28
153,28
153,29
153,28
153,30
153,28
134,43
134,43
134,43
265,22
404,18
335,18
335,18
335,18
265,22
404,18
335,18
404,18
404,18
335,18
404,18
265,22
335,18
265,22
404,18
335,18
335,18
318,18
318,18
318,18
318,18
318,18
318,18
318,18
318,18
318,18
318,18
318,18
318,18
318,18
318,18
318,18
318,18
318,18
318,18
556,14
556,14
556,14
556,14
556,14
556,14
556,14
640,14
640,14
270,18
318,18
270,18
270,18
318,18
270,18
318,18
318,18
318,18
270,18
270,18
318,18
318,18
270,18
318,18
270,18
318,18
270,18
270,18
318,18
318,18
318,18
321,18
272,20
272,19
272,19
321,18
321,18
420,16
272,19
321,18
272,20
272,20
272,19
272,20
321,18
321,18
420,16
335,20
268,21
268,21
420,16
268,21
420,16
268,21
335,19
335,20
335,20
268,21
335,19
268,21
268,21
335,19
268,21
335,19
268,22
420,16
268,21
335,19
335,20
335,20
268,21
420,16
268,22
122,25
122,27
122,25
122,27
122,25
122,27
122,27
122,27
122,25
122,27
140,15
170,15
170,15
110,19
160,20
180,19
110,19
180,19
160,20
110,19
110,19
110,19
110,19
160,21
160,21
110,19
180,21
180,21
110,19
160,17
160,17
110,19
110,19
160,21
160,18
160,18
160,17
120,22
120,17
160,17
160,17
160,17
160,17
160,17
160,18
160,18
160,18
160,18
155,18
155,18
155,17
155,17
150,17
150,17
146,29
146,29
146,27
146,27
146,27
146,29
146,29
146,29
146,29
146,27
146,27
146,27
155,26
155,25
184,25
184,24
184,24
155,26
184,25
184,25
184,24
184,24
155,26
184,25
155,26
155,25
184,24
155,26
184,24
184,24
155,26
184,26
184,24
184,24
184,26
184,24
184,26
184,26
184,26
184,26
184,24
244,18
244,17
244,18
244,17
161,20
161,20
244,17
244,18
161,20
244,17
161,20
161,20
244,18
244,18
244,18
161,20
161,20
244,17
244,17
161,20
273,16
273,17
273,17
273,16
273,17
273,16
273,17
273,16
273,16
273,16
273,17
273,17
227,22
227,21
227,21
227,22
227,22
227,21
227,21
210,15
302,14
210,15
210,14
210,15
210,14
210,14
210,15
210,14
210,14
210,16
210,16
210,15
210,15
210,15
210,14
210,15
210,15
210,15
210,15
302,14
210,15
210,15
210,16
210,14
210,16
210,15
302,14
302,14
210,14
210,16
210,16
210,15
210,14
210,15
210,16
210,14
210,14
210,15
210,14
210,14
210,14
210,15
210,14
210,15
210,14
210,14
210,15
210,15
210,15
210,15
210,14
210,15
210,14
210,15
210,14
210,15
210,14
210,15
210,14
210,14
210,14
302,14
210,15
210,15
160,25
184,22
184,23
160,28
184,23
184,23
184,22
160,28
184,23
160,25
160,27
160,25
184,22
160,25
184,23
160,25
160,25
160,27
184,22
184,22
184,22
563,12
152,18
152,18
152,18
100,21
141,17
100,21
224,17
141,17
100,20
100,20
100,22
100,22
141,17
224,17
420,11
420,10
435,9
420,10
540,13
540,13
540,13
510,13
510,13
510,13
510,13
510,13
510,13
510,13
510,13
510,12
510,11
510,12
510,11
510,11
510,11
510,12
510,12
510,11
510,12
510,11
510,12
510,11
510,12
510,12
510,11
182,12
182,12
182,12
182,12
275,16
300,16
275,16
300,16
275,16
275,16
275,15
275,15
275,15
290,16
550,9
205,16
210,16
205,16
205,16
205,16
210,16
205,15
210,15
205,15
188,12
188,12
188,12
188,12
188,12
188,12
240,20
240,20
240,20
240,20
240,20
240,20
240,20
240,20
240,20
217,11
217,11
217,11
217,11
217,11
217,11
275,15
275,15
275,15
292,15
275,15
275,15
275,15
275,15
275,15
292,15
292,15
275,15
275,15
275,15
290,18
360,14
290,17
290,18
290,17
290,17
360,14
290,18
360,14
293,18
293,19
295,18
293,18
360,14
295,19
293,19
295,19
295,18
295,19
295,19
295,18
360,14
295,19
360,14
295,19
295,18
295,18
295,18
100,18
141,18
100,19
141,18
141,18
100,18
199,11
145,12
145,11
145,11
145,12
200,12
200,12
200,12
200,14
200,12
200,13
200,12
200,12
199,11
145,11
199,11
145,11
200,12
200,12
200,12
200,12
235,13
235,13
329,20
550,16
329,20
302,24
302,20
302,20
195,27
402,17
302,20
577,15
577,15
302,20
329,20
195,27
402,18
329,20
195,28
302,20
302,20
195,28
329,20
329,20
302,20
302,20
195,27
302,20
329,20
577,15
302,20
302,20
329,20
402,18
329,20
195,27
302,20
402,17
577,15
195,28
195,28
329,20
329,20
241,22
241,22
329,20
241,22
241,22
329,20
402,18
402,17
115,126
115,126
115,126
115,126
255,12
225,13
225,13
225,13
225,13
255,12
225,13
255,12
225,13
225,13
225,13
255,12
225,13
255,12
225,13
225,13
255,12
225,13
225,13
255,11
255,11
255,11
225,13
255,11
255,11
255,11
255,11
255,11
225,13
225,13
225,13
255,11
255,11
255,11
255,11
225,13
349,15
349,15
108,30
108,28
108,30
108,28
108,30
108,28
108,28
108,30
108,30
108,28
108,28
108,30
162,19
265,16
265,16
162,20
162,20
265,16
162,20
162,20
162,20
265,16
162,20
265,16
162,20
162,20
162,20
265,17
162,20
162,20
162,20
265,17
162,20
245,20
245,20
245,20
245,20
315,17
315,18
245,20
245,20
245,20
245,20
245,20
245,20
315,17
245,20
245,20
245,21
245,20
315,17
245,20
245,20
245,20
245,20
170,17
170,17
170,17
170,17
170,17
170,17
205,17
205,17
205,17
225,17
205,17
205,17
205,17
205,17
205,17
205,17
205,17
145,27
148,27
148,28
145,27
148,27
148,28
166,24
173,24
173,24
173,24
173,24
173,24
173,24
173,24
138,23
138,23
138,23
138,23
138,23
138,23
138,23
138,23
138,23
138,23
138,23
138,23
173,24
145,27
145,28
145,27
166,24
173,24
145,27
173,24
145,28
166,24
145,27
173,24
145,27
145,27
145,28
147,29
147,28
147,29
128,32
147,26
147,28
201,26
201,22
147,29
275,15
300,15
300,15
275,15
300,16
300,16
275,16
165,16
165,16
165,16
165,16
166,18
166,20
166,18
166,19
166,20
166,20
166,19
166,19
166,20
166,20
166,19
166,20
166,20
166,19
166,20
166,19
166,20
166,19
166,19
166,20
166,20
189,21
218,20
189,21
189,21
218,20
189,21
217,20
217,20
288,16
288,17
288,17
288,16
288,17
288,15
288,15
288,15
288,15
288,15
288,15
288,15
288,15
288,15
288,15
138,23
138,23
138,23
138,25
138,25
138,25
138,25
138,23
138,23
138,23
138,25
138,25
153,26
138,25
153,28
138,23
138,25
138,23
138,24
138,25
138,24
138,28
138,26
138,24
138,25
138,25
138,24
138,25
225,15
225,15
225,15
225,15
225,15
225,15
225,15
225,15
225,15
225,15
242,16
242,16
242,16
250,16
250,16
252,20
252,20
197,21
252,20
197,22
252,20
197,21
197,22
275,13
275,13
275,13
275,13
275,13
275,12
300,13
275,12
300,13
275,13
291,13
300,13
291,13
291,14
300,14
291,14
275,12
275,13
275,13
275,12
291,14
291,14
291,14
302,14
291,14
302,13
285,14
285,14
300,13
300,14
285,14
285,14
285,14
300,15
285,14
285,14
300,14
285,14
660,7
200,22
200,22
200,22
200,22
200,22
200,22
200,22
152,17
261,15
261,15
261,15
261,15
152,19
261,15
261,15
261,15
152,19
261,14
261,15
261,14
152,19
261,14
152,17
152,19
152,19
261,15
261,15
152,17
261,15
261,14
182,20
182,22
182,20
182,22
182,22
182,20
182,22
182,22
182,20
182,22
182,20
182,22
182,20
182,20
182,22
182,22
182,22
182,20
182,22
182,22
182,20
182,22
182,20
429,15
429,15
429,15
429,15
429,15
429,15
156,17
156,17
200,40
200,40
200,40
210,17
210,18
210,18
225,18
225,18
218,18
268,21
268,21
268,21
268,21
420,14
420,15
420,15
420,14
420,14
420,15
420,14
420,15
420,15
420,14
420,15
420,14
420,14
420,15
420,15
420,15
420,15
420,15
420,15
420,15
420,15
420,15
420,15
420,15
420,15
420,15
420,15
420,15
420,15
420,15
403,13
403,13
403,13
403,13
403,13
403,13
403,13
403,13
403,13
332,20
332,20
332,20
332,20
332,20
332,20
332,20
332,20
332,20
332,20
332,20
332,20
420,15
420,15
420,15
420,15
420,15
420,15
420,15
420,15
420,14
420,14
420,15
420,15
420,14
420,15
420,15
420,15
420,15
420,15
420,15
420,15
420,15
420,15
420,15
420,15
420,15
420,15
420,15
420,15
420,15
420,15
177,34
177,29
177,34
177,29
177,30
177,34
177,30
177,34
177,34
177,30
177,30
177,34
178,23
178,23
178,22
168,22
178,22
178,22
178,23
178,23
168,22
178,22
168,21
130,23
130,22
130,23
110,23
130,22
110,23
130,23
130,23
130,23
350,14
350,14
350,14
140,15
122,24
95,26
122,24
122,24
122,23
122,23
122,26
122,23
122,26
122,26
122,24
122,23
122,24
122,26
122,23
122,24
122,24
122,24
122,24
122,24
122,23
122,24
122,23
122,24
122,23
122,24
122,23
122,23
122,23
122,24
122,23
201,15
201,15
201,15
201,15
201,15
201,15
400,21
400,21
276,18
276,18
276,18
345,17
345,17
276,18
345,17
276,18
345,17
276,18
297,17
297,16
297,16
297,17
297,16
297,16
297,17
297,17
297,17
297,16
297,16
297,17
81,25
81,25
81,25
81,25
81,25
81,25
81,25
81,25
81,24
81,24
81,24
257,20
240,20
240,20
240,20
257,20
257,20
297,17
297,17
297,17
297,17
297,17
297,17
297,17
297,17
325,17
325,17
325,17
325,17
365,15
365,15
365,15
365,16
365,14
365,15
365,14
365,14
365,16
365,15
365,15
365,16
365,15
365,15
365,16
365,14
365,16
365,14
365,15
365,15
365,15
365,15
365,15
365,15
365,15
365,15
365,15
365,15
365,15
365,15
365,15
365,15
365,15
365,15
365,15
365,15
292,13
292,13
210,13
210,13
210,14
292,13
210,13
292,13
210,14
292,13
292,15
210,14
210,13
292,14
292,14
210,14
292,14
292,15
292,15
210,13
210,14
210,13
210,14
210,13
210,14
210,13
210,13
203,14
203,16
203,15
203,14
203,16
203,13
203,15
203,15
203,13
203,13
203,14
203,14
203,14
203,14
203,14
203,14
203,14
203,15
290,17
290,17
290,17
290,17
290,17
365,16
290,17
290,16
290,17
365,16
365,16
290,17
290,16
290,16
290,17
365,16
290,16
280,19
290,17
290,17
365,16
290,16
280,18
136,19
136,17
113,21
136,19
136,17
136,17
136,19
136,18
136,18
113,21
136,19
136,19
136,17
136,18
310,13
195,14
310,13
285,11
310,13
285,11
285,11
285,11
285,11
285,11
285,11
285,11
285,11
285,11
285,11
285,11
285,11
285,11
285,11
202,15
231,13
202,13
202,15
202,13
202,15
202,15
231,13
202,15
202,15
202,13
202,15
202,13
202,15
231,14
231,14
231,13
202,13
231,13
202,13
240,11
360,12
360,12
325,18
282,18
325,19
282,18
385,15
385,15
325,19
282,17
385,15
282,18
282,17
385,15
385,15
325,19
325,19
282,17
282,18
385,15
385,15
282,18
385,15
325,19
385,15
282,17
325,19
282,17
385,15
282,17
325,19
385,15
385,15
282,18
282,18
325,19
282,18
385,15
325,18
282,17
385,15
282,17
282,17
385,15
282,18
282,18
282,18
385,15
385,15
385,15
385,15
385,15
282,18
282,17
282,18
325,19
365,18
325,19
385,15
365,17
282,18
325,18
282,18
282,17
282,17
325,19
282,18
282,17
325,19
325,19
325,19
325,18
385,15
385,15
385,15
385,15
325,19
282,17
282,17
325,19
282,17
385,15
385,15
385,15
325,19
450,15
385,15
385,15
365,18
450,15
325,19
385,15
282,18
282,17
282,18
385,15
325,18
385,15
282,17
325,19
385,15
385,15
282,18
385,15
385,15
385,15
282,17
325,19
282,17
325,19
385,15
282,17
385,15
325,19
282,18
282,17
325,18
282,18
325,19
385,15
282,18
282,18
282,18
282,17
365,17
325,19
282,17
385,15
220,12
220,12
220,12
220,12
220,12
220,12
220,12
220,12
220,12
220,12
220,12
220,12
220,12
220,12
220,12
220,12
220,13
220,13
220,13
220,13
220,13
220,13
220,13
220,13
220,13
220,13
220,13
220,13
220,13
220,13
220,13
220,13
220,13
220,12
220,12
220,12
220,13
220,12
220,12
220,13
220,13
220,13
220,12
220,12
220,12
220,12
220,12
220,13
731,11
731,11
731,11
483,11
483,11
483,11
483,11
483,11
483,11
483,11
483,11
483,11
483,11
483,11
483,11
483,11
63,30
63,30
63,30
63,30
63,30
63,30
651,11
651,11
651,11
120,28
197,26
120,28
120,28
120,28
120,28
120,28
120,27
120,27
120,27
120,27
120,27
120,27
197,26
120,27
120,27
197,26
120,27
120,27
120,27
120,27
200,17
305,15
305,15
305,15
200,17
310,16
200,17
310,16
200,17
310,16
310,16
310,16
310,16
200,17
200,17
130,29
130,29
130,32
130,32
130,33
130,32
130,32
130,32
130,33
130,32
130,29
130,29
130,32
130,33
130,32
130,29
130,29
130,32
203,19
203,17
203,19
203,19
203,17
203,17
203,19
203,18
203,17
203,17
203,19
203,17
203,17
203,17
203,19
203,19
260,17
260,15
260,17
260,16
260,17
260,15
260,17
260,16
260,15
260,15
260,15
260,15
287,18
287,18
287,18
287,17
287,17
365,16
365,15
287,16
287,16
287,16
287,16
287,16
365,15
287,16
287,16
287,16
287,16
287,16
616,12
616,12
500,14
500,14
616,12
350,19
252,23
252,22
252,22
160,26
160,26
160,27
160,26
160,27
160,26
160,27
160,27
160,26
160,26
160,27
123,30
160,26
160,27
160,27
160,27
160,27
126,19
126,20
126,19
126,20
126,19
126,19
126,19
126,19
127,19
127,19
127,19
127,19
127,19
127,19
127,20
127,20
127,19
127,20
127,20
127,19
127,19
127,19
127,19
127,19
127,19
127,19
127,19
127,19
127,19
127,19
127,20
127,19
127,20
127,19
250,23
170,24
170,22
170,24
170,24
170,22
250,23
170,24
170,24
170,22
170,24
250,23
170,22
250,23
170,24
170,24
250,23
170,26
250,23
170,22
170,26
170,26
170,26
170,22
173,25
173,25
173,24
201,21
201,21
145,26
145,25
173,25
201,22
201,22
201,22
145,25
201,21
201,22
173,25
173,25
173,25
145,26
201,21
173,24
147,29
147,29
164,25
147,25
164,25
201,23
201,25
164,25
81,22
81,22
81,22
81,22
81,22
81,22
81,22
200,22
200,25
200,22
200,25
200,25
200,25
200,22
200,22
200,22
200,25
200,22
200,25
174,15
174,15
174,15
174,15
174,16
174,16
174,16
174,16
174,16
193,16
201,15
193,16
201,15
201,15
201,15
201,15
201,15
203,18
203,17
203,18
203,17
203,18
203,17
203,17
203,18
203,18
203,17
203,17
203,18
203,17
203,18
203,17
203,18
261,15
152,17
261,16
261,15
261,16
261,15
261,16
261,15
152,17
261,16
152,19
261,16
261,16
261,16
261,15
152,19
261,15
261,16
261,16
261,16
261,16
261,16
261,15
261,16
261,15
261,16
261,15
261,15
261,15
261,16
261,15
261,16
261,16
261,16
261,15
261,15
261,17
261,15
261,15
261,15
261,16
261,16
261,16
261,16
261,16
261,15
152,19
152,17
261,15
261,16
261,16
261,15
152,17
152,19
261,16
261,16
261,15
261,16
261,15
261,15
152,19
152,17
261,16
261,16
261,15
261,15
261,15
152,17
261,15
261,16
261,15
261,16
261,16
261,16
261,16
152,19
188,44
188,44
188,44
188,44
188,44
188,44
188,43
188,43
188,43
188,43
231,22
231,22
175,22
231,22
175,22
231,22
175,22
175,22
231,22
231,22
231,21
231,20
231,20
175,21
175,21
231,21
231,20
275,15
275,15
303,16
303,16
303,16
303,16
320,13
320,13
320,13
390,14
390,14
303,16
303,16
390,14
303,16
390,14
303,16
303,16
325,16
325,17
390,14
325,16
382,12
536,12
416,13
563,12
621,11
325,16
325,17
325,17
325,16
325,17
343,17
325,17
325,16
330,19
330,17
348,17
330,18
348,19
330,19
348,19
330,19
348,17
330,18
330,19
330,17
330,17
330,18
330,19
348,19
348,17
328,18
328,19
328,19
328,19
328,18
218,20
328,17
218,19
218,20
328,18
328,17
328,19
218,20
328,18
328,18
328,18
328,19
218,19
328,19
218,20
328,17
328,18
328,19
145,21
145,21
145,20
145,21
145,20
145,21
145,20
145,21
280,16
298,17
280,17
280,17
298,17
275,16
306,17
306,17
293,17
306,17
306,17
306,17
306,17
306,17
306,17
306,17
325,16
325,17
325,17
330,19
330,19
330,18
330,19
330,17
328,19
328,19
328,18
328,18
328,17
328,19
330,18
330,17
330,18
328,18
328,18
328,17
325,17
328,18
330,18
330,17
330,18
325,16
330,18
106,27
148,22
173,22
171,22
148,24
155,25
155,25
217,17
252,17
219,17
252,17
164,22
164,22
219,17
252,17
164,22
221,17
252,17
219,17
164,22
217,17
164,22
164,22
252,17
221,17
252,17
219,17
221,17
164,22
311,18
420,15
311,16
361,15
256,17
355,15
256,17
415,13
160,21
160,21
160,21
160,21
160,21
160,21
570,12
560,12
550,12
570,12
550,13
560,12
560,13
560,13
570,13
550,12
570,13
550,12
550,12
550,14
570,13
550,12
560,15
570,13
560,13
570,13
570,14
570,13
560,14
560,13
560,13
348,16
348,16
274,17
348,16
348,16
274,17
348,16
274,19
348,16
348,16
348,16
348,16
348,16
348,17
348,16
348,16
348,17
348,17
333,18
429,15
420,15
311,18
311,16
311,16
311,18
420,15
404,15
345,15
404,16
345,17
404,16
404,16
404,16
345,17
563,13
563,13
563,13
563,13
563,13
563,13
563,13
563,13
563,13
563,13
240,19
362,14
429,13
550,13
550,13
429,13
362,17
240,19
429,13
240,19
362,17
550,13
208,25
208,24
355,23
375,22
208,25
208,24
375,22
208,24
208,23
241,22
241,21
241,22
241,21
362,17
577,14
362,17
577,14
329,18
550,13
302,18
577,13
201,22
302,17
577,13
550,13
329,18
302,18
302,18
200,22
200,22
200,20
200,20
200,20
200,22
200,21
200,21
200,22
200,22
200,24
200,22
200,22
200,24
200,24
200,22
200,24
200,24
200,24
200,22
200,22
200,22
302,19
302,19
200,24
200,24
302,19
302,19
302,19
302,18
200,24
577,13
449,14
362,17
170,22
170,22
170,22
170,22
170,22
220,25
220,25
210,25
210,25
220,25
210,25
220,25
220,25
220,25
220,25
220,25
210,25
220,25
210,25
210,25
220,25
210,25
210,25
210,25
210,25
220,25
210,25
210,25
210,25
220,25
220,25
220,25
220,25
210,25
210,25
210,25
220,25
210,25
210,25
220,25
220,25
210,25
210,25
220,25
220,25
220,24
210,24
220,24
220,24
210,24
210,24
220,24
220,24
210,24
220,24
292,23
292,23
292,23
292,23
292,22
292,22
292,23
292,22
292,22
292,23
150,31
170,25
150,31
170,25
170,25
170,25
150,31
150,31
150,31
150,31
170,25
170,25
170,25
170,25
170,25
170,25
170,25
170,25
170,25
150,31
170,25
150,31
170,25
170,25
150,30
170,25
170,25
150,31
170,25
150,30
150,30
170,25
170,25
170,25
170,25
170,25
170,25
170,25
170,25
170,25
170,25
170,25
170,25
170,25
170,25
170,25
175,18
175,18
140,22
170,18
175,18
175,18
140,22
140,23
175,18
175,18
175,18
170,18
140,23
175,18
175,18
175,18
140,22
283,17
283,17
283,17
283,17
283,17
283,17
283,17
283,17
283,17
283,17
283,17
283,17
283,17
283,17
283,17
283,17
260,17
303,16
200,18
303,16
260,17
200,18
200,18
303,16
166,19
166,19
166,19
166,19
166,19
166,19
166,19
166,19
166,19
166,19
166,19
166,19
166,19
166,19
166,19
166,19
166,19
166,19
158,16
158,16
150,17
150,17
150,17
158,16
158,16
158,16
158,16
158,16
395,11
401,11
401,11
401,11
454,13
454,13
444,13
454,13
454,13
454,13
444,13
454,13
454,13
444,13
454,13
454,13
454,13
454,13
454,13
454,13
454,13
454,13
454,13
241,21
241,22
241,22
241,21
220,16
220,16
245,19
245,19
306,19
306,19
306,19
306,19
311,20
311,19
311,19
311,20
311,19
311,19
311,19
300,15
300,16
300,16
300,16
300,16
290,16
338,29
338,29
338,29
342,17
342,17
342,17
467,16
545,16
545,16
545,16
600,16
545,16
600,16
545,16
565,16
550,12
550,12
200,21
200,24
200,21
200,24
200,24
200,24
200,21
200,24
200,21
200,24
200,21
200,21
200,24
200,21
200,24
200,21
200,24
200,24
200,21
200,21
200,24
200,21
200,21
200,21
200,24
200,21
200,21
200,24
200,21
200,24
200,24
200,24
200,24
200,21
200,24
200,24
200,21
200,24
200,21
200,21
200,21
200,21
200,21
200,24
200,21
200,21
200,24
200,21
200,21
200,24
200,24
200,21
200,24
200,24
200,24
200,21
200,24
200,21
200,24
200,24
200,21
200,24
200,21
200,21
200,24
200,24
200,24
200,21
200,24
200,21
200,24
200,21
200,24
200,21
200,21
200,24
350,15
400,14
400,14
301,15
301,15
301,15
301,15
301,15
301,15
263,14
263,14
263,14
242,13
242,13
300,13
242,14
242,14
300,13
300,13
239,14
239,14
239,14
239,14
300,13
300,13
239,14
239,14
300,13
239,14
155,22
260,21
155,22
260,21
155,22
155,22
155,22
155,22
260,21
155,22
155,22
155,22
155,22
155,22
280,27
280,27
280,27
280,27
280,27
280,27
270,18
270,19
270,18
270,18
270,18
270,19
270,18
185,20
270,19
270,19
270,19
270,19
270,18
185,20
270,18
270,18
270,18
270,19
270,19
270,19
270,18
270,19
93,22
141,28
141,27
141,28
141,27
141,27
141,28
141,25
141,25
141,28
141,27
141,28
141,27
141,28
141,25
141,27
141,25
187,35
187,35
187,35
187,35
187,35
187,35
610,14
610,14
610,14
580,14
66,126
66,121
190,18
190,19
227,17
227,17
227,17
227,17
255,17
255,17
255,17
170,137
170,137
170,137
170,129
106,33
106,31
111,39
111,39
201,22
150,24
150,24
150,24
201,25
201,25
201,25
201,25
201,25
201,25
201,25
201,25
201,25
201,25
201,25
201,25
300,18
300,18
300,18
300,18
300,18
300,18
300,18
300,18
300,18
195,21
195,21
305,19
305,19
195,21
195,21
305,19
305,19
195,22
195,22
195,22
305,19
150,15
150,16
150,17
265,19
265,19
305,17
305,17
305,17
265,19
265,19
265,19
265,19
265,19
265,19
305,17
265,19
305,17
265,19
305,17
265,19
265,19
148,28
148,27
148,24
148,28
148,28
148,28
148,25
148,25
148,28
148,27
148,28
148,25
148,24
148,28
148,28
148,28
148,28
148,28
148,28
148,25
148,28
148,28
152,28
152,28
152,28
152,28
152,28
152,28
152,27
152,27
152,28
152,27
152,28
152,27
137,27
137,28
98,41
98,41
98,41
98,41
98,41
98,41
98,41
98,41
98,41
98,41
98,41
98,41
98,41
98,41
98,41
98,41
98,41
98,41
98,41
98,41
140,22
140,22
140,22
170,22
170,22
140,22
140,22
140,22
170,22
170,22
140,22
195,22
140,22
170,22
140,22
140,22
140,21
140,22
140,21
140,21
140,21
195,22
140,22
170,22
244,16
200,18
234,16
244,17
200,19
234,17
244,16
200,19
215,17
215,17
215,17
215,17
215,17
215,17
215,18
215,18
215,18
94,36
94,36
94,36
94,36
241,22
241,22
204,21
204,21
204,21
204,21
204,21
204,21
204,20
204,21
204,21
204,20
204,20
215,16
215,16
215,16
255,19
255,19
306,19
306,19
306,19
306,19
306,19
306,19
306,19
306,19
306,19
416,16
416,16
416,16
210,16
210,16
210,16
210,16
210,16
210,16
210,16
210,24
200,22
210,22
210,24
200,24
200,24
200,22
210,22
210,22
210,24
200,24
200,24
200,24
200,22
210,22
200,22
200,22
210,24
210,22
200,24
200,22
210,24
210,24
210,22
210,23
210,24
210,24
210,23
210,23
210,24
210,23
210,24
210,24
210,23
210,23
210,23
210,24
210,23
210,23
210,24
210,24
210,24
210,24
210,23
170,42
170,42
170,42
170,42
170,42
170,42
170,42
170,42
170,24
170,24
140,30
170,24
170,24
170,23
170,23
140,29
140,29
170,24
140,29
170,24
140,30
140,30
170,24
170,24
140,29
170,23
140,30
140,29
170,23
140,29
170,24
170,24
170,24
170,24
140,30
140,30
170,23
140,29
140,29
140,30
170,23
170,23
170,23
170,23
170,23
140,30
170,23
170,23
140,29
140,30
170,25
210,23
170,25
170,25
150,31
210,23
170,25
150,31
210,23
210,24
150,31
210,24
210,23
150,31
210,24
115,25
210,24
115,25
170,25
170,25
170,25
150,31
170,25
170,25
170,25
170,42
115,23
150,31
115,23
115,25
170,25
170,25
150,28
170,25
210,23
150,28
170,25
210,24
210,23
150,28
210,23
170,25
170,25
150,28
150,28
170,25
170,42
150,28
210,24
150,28
210,24
210,24
210,23
170,25
210,24
150,28
150,28
150,28
150,28
170,25
210,23
190,13
190,14
190,14
190,14
190,14
190,14
190,14
190,14
190,14
190,15
190,15
190,13
190,14
190,15
190,15
190,14
190,15
190,15
190,14
190,14
190,15
190,13
190,14
190,14
190,14
190,15
190,14
190,15
190,14
190,14
190,15
283,16
283,16
283,16
283,16
173,19
173,19
283,16
173,19
173,19
283,17
283,17
173,19
173,19
283,16
283,16
283,16
283,17
283,16
173,19
173,19
283,16
173,19
283,16
173,19
283,16
283,17
283,16
283,16
173,19
283,16
173,19
188,28
215,25
211,25
188,26
188,28
188,28
188,26
188,26
188,26
188,28
188,28
188,26
211,25
188,28
188,26
188,26
215,25
188,28
188,26
188,28
215,26
188,27
211,25
188,26
188,26
188,26
188,26
188,28
188,28
188,28
73,24
73,24
66,28
73,28
73,28
73,28
73,24
73,28
73,28
73,24
265,18
265,18
420,15
420,15
311,17
420,15
311,17
180,23
180,23
180,23
180,22
180,22
185,20
185,20
180,23
180,23
180,22
185,21
180,23
180,22
180,22
180,23
180,22
180,22
180,23
185,21
180,23
185,20
180,23
185,20
180,22
180,23
180,23
180,23
180,23
180,22
180,22
185,20
180,22
182,25
304,18
304,17
304,18
182,25
304,18
304,17
304,18
304,18
304,17
304,18
304,18
304,17
304,18
304,18
310,21
310,21
310,20
310,21
310,21
291,17
291,17
291,17
291,17
303,17
291,17
291,17
168,22
148,24
148,24
168,22
168,22
148,24
148,25
237,18
168,22
168,23
168,22
148,26
148,27
168,23
148,24
168,24
168,22
168,23
168,23
168,23
168,23
148,27
148,24
168,23
381,13
381,13
381,13
620,10
620,10
92,21
135,19
195,19
195,18
195,18
195,19
92,21
135,19
195,18
92,21
195,19
135,19
141,17
141,18
100,21
141,17
100,18
141,18
100,21
141,18
141,18
142,18
142,18
141,18
74,25
74,27
74,27
74,24
74,26
74,26
74,26
74,24
74,26
175,26
256,20
175,26
175,26
175,26
175,26
175,26
175,26
175,26
256,20
175,26
175,26
175,26
175,26
256,20
175,25
175,25
175,25
175,25
200,15
200,16
230,15
200,16
230,15
230,16
200,16
200,17
230,16
230,16
200,17
230,16
230,16
200,17
200,16
230,16
205,17
205,17
205,18
205,18
205,18
205,18
424,14
345,14
552,11
253,16
253,16
253,16
90,22
90,22
90,21
90,21
90,22
90,21
90,22
90,21
90,21
240,17
240,17
240,17
240,17
240,17
240,17
240,17
240,17
240,17
300,12
300,12
300,12
340,14
340,14
340,14
340,14
340,14
340,14
340,14
340,15
340,15
340,15
290,17
290,16
290,16
290,16
290,16
278,16
360,16
386,16
386,16
386,16
360,16
360,16
360,16
386,16
386,16
360,16
359,16
386,16
386,16
359,16
438,19
438,19
438,19
232,17
280,15
232,17
280,15
232,17
280,16
232,17
232,17
232,17
280,16
280,16
240,16
205,17
195,17
240,16
240,16
205,17
150,15
150,15
150,15
150,15
150,15
150,15
150,15
150,15
150,15
150,15
150,15
150,15
150,15
292,15
227,17
227,17
227,17
227,17
227,17
227,17
227,17
227,17
227,17
227,17
227,17
227,17
292,15
227,17
227,17
227,17
227,17
227,17
227,17
292,15
120,17
120,17
120,17
120,17
180,17
180,17
160,17
160,17
200,17
175,18
175,18
212,12
212,12
235,12
275,12
268,12
383,12
383,13
383,13
240,20
518,13
402,14
302,18
302,18
518,13
240,20
302,17
402,14
302,18
329,18
302,18
518,13
302,17
365,18
365,18
162,17
162,17
162,17
162,17
162,17
275,16
275,16
303,17
275,16
303,17
303,16
330,17
330,18
425,17
425,17
425,17
493,16
325,16
325,14
325,16
325,14
325,14
325,16
425,17
425,17
425,17
425,17
425,17
425,17
420,16
420,16
552,14
560,14
560,14
560,14
552,14
560,14
560,14
560,14
552,14
552,14
560,14
560,15
400,17
340,17
340,17
400,17
360,17
340,17
400,17
252,20
340,15
340,15
190,18
250,15
425,13
250,15
190,18
340,15
340,15
425,13
425,13
340,15
250,17
250,15
340,15
178,18
219,18
145,22
219,18
164,24
164,26
164,26
197,24
197,24
197,24
197,24
200,20
200,20
200,20
201,20
201,20
240,16
201,20
217,18
217,18
240,15
217,18
196,25
196,25
259,21
196,25
259,21
196,25
196,25
160,27
250,22
182,47
250,22
160,27
160,27
160,27
160,27
182,49
160,27
250,22
160,27
300,13
300,12
300,12
300,12
300,12
300,12
300,12
300,13
300,13
300,12
280,16
280,16
280,16
280,16
280,15
290,15
225,15
225,15
225,15
225,15
225,15
225,15
132,25
158,21
158,21
158,20
132,26
158,20
132,26
158,21
132,25
158,21
132,25
158,20
158,21
158,21
132,26
290,19
290,19
300,22
300,22
300,22
300,22
300,22
300,21
300,21
300,21
300,21
300,21
523,13
523,13
263,18
263,18
263,18
274,17
274,17
274,17
274,17
178,18
178,18
178,18
170,21
170,21
315,15
315,15
315,17
330,14
330,14
290,18
290,18
290,18
290,20
290,20
290,20
290,18
290,20
290,19
290,19
290,18
290,19
290,19
290,18
290,20
290,18
290,18
290,18
290,20
290,18
290,19
290,19
290,19
290,19
290,19
290,19
290,18
290,18
290,19
290,20
290,19
290,19
290,18
290,20
208,20
208,21
55,34
79,33
79,33
79,31
55,32
79,31
79,26
116,18
116,15
151,18
116,18
116,18
210,17
210,17
170,17
210,17
170,17
170,17
210,17
210,17
170,17
330,17
330,18
360,27
420,16
420,16
420,16
360,27
330,18
420,16
330,17
78,33
78,35
78,35
74,34
74,37
74,34
74,37
74,34
74,34
74,37
74,37
74,37
78,33
78,33
78,37
78,37
78,37
240,20
240,19
240,20
240,19
240,20
240,19
240,19
240,20
240,20
240,19
240,20
240,19
240,19
240,21
240,19
240,21
240,21
240,19
240,21
240,19
304,19
304,18
365,17
365,17
305,19
305,18
350,17
350,17
365,16
365,16
303,17
303,16
365,15
303,16
365,15
305,17
305,18
303,17
303,17
303,17
303,17
303,17
303,17
303,17
303,17
303,17
303,16
303,16
303,17
303,17
303,16
303,17
303,16
191,41
231,22
231,22
188,41
231,22
188,41
231,22
231,22
188,41
231,22
231,22
188,41
231,22
245,20
245,21
245,20
245,21
245,20
245,21
245,21
245,20
342,12
150,15
150,15
150,16
150,16
150,16
150,16
201,16
196,15
185,17
185,16
185,17
185,16
185,17
185,17
185,17
185,17
185,16
185,17
185,17
200,15
185,16
200,16
200,16
185,16
200,15
180,19
200,18
240,17
242,18
211,19
303,16
211,19
242,18
303,16
211,19
211,19
197,15
165,15
197,14
165,16
197,14
197,15
165,15
165,16
165,15
165,15
197,15
165,16
197,14
197,14
165,16
197,15
197,15
197,14
197,14
197,15
215,13
215,13
215,13
592,15
616,15
200,16
200,16
200,16
200,16
200,16
200,16
200,16
200,16
138,22
138,23
138,23
138,23
138,23
138,23
135,19
200,18
200,18
135,19
135,19
200,18
505,11
505,11
505,11
530,11
265,17
265,17
265,17
260,21
260,21
260,21
260,21
260,21
260,21
260,21
260,21
260,21
260,21
250,26
260,21
260,21
260,21
260,21
260,21
250,28
260,21
250,28
250,26
260,21
260,21
260,21
260,21
260,21
260,21
260,21
260,21
632,8
632,8
632,9
632,9
631,8
631,8
631,9
631,9
670,9
305,16
305,16
305,16
305,16
320,15
320,15
435,15
300,17
310,22
310,22
435,15
435,15
300,17
310,22
435,15
435,15
435,15
300,17
310,20
310,22
435,15
300,17
310,22
310,21
300,18
310,21
435,14
435,15
310,21
435,15
130,20
88,24
130,20
130,20
88,25
88,25
158,21
158,21
158,21
167,21
167,21
158,21
167,21
167,22
158,21
167,21
158,21
167,21
158,21
167,22
167,21
158,21
158,21
167,21
158,21
167,21
158,21
167,21
155,27
155,27
155,27
155,27
155,27
155,27
164,18
118,23
164,18
118,23
164,18
164,18
114,23
155,15
155,15
155,15
155,15
160,16
160,16
160,16
160,16
160,14
160,14
160,14
160,14
365,15
365,15
365,16
365,15
380,16
380,15
380,15
380,15
380,15
380,15
380,15
380,16
380,15
380,15
380,15
380,15
380,15
380,15
380,15
380,15
215,19
132,25
150,25
132,25
132,22
150,25
132,25
225,19
132,25
132,22
132,25
132,25
220,19
132,24
150,24
132,24
150,24
132,24
150,24
132,24
132,24
132,24
150,20
150,20
150,20
150,20
150,20
150,20
150,20
150,20
150,20
150,20
150,20
150,20
150,20
150,20
150,20
150,20
150,20
150,20
150,20
150,20
150,20
150,20
150,20
150,20
150,20
150,20
150,20
150,20
150,20
150,20
150,20
150,20
150,20
150,20
150,20
150,20
214,16
214,16
214,16
170,17
170,17
225,15
170,17
205,17
225,17
205,17
210,15
210,16
210,16
210,15
210,15
260,16
210,16
260,16
210,16
260,16
260,16
210,15
210,16
210,15
260,16
260,16
260,16
210,15
210,16
260,16
210,16
210,16
210,15
210,15
290,16
252,16
290,16
252,16
573,21
131,24
131,24
131,24
131,24
131,24
131,24
235,21
235,22
235,21
235,22
235,22
235,22
235,22
235,22
235,22
235,22
235,22
235,22
194,35
194,33
194,33
194,35
194,33
140,21
110,24
110,24
140,20
140,20
110,24
248,19
248,19
248,19
248,19
248,19
248,19
248,19
248,19
248,19
248,19
248,19
248,19
248,19
248,19
248,19
93,22
199,35
199,36
199,35
199,36
192,39
192,39
199,36
274,20
192,23
192,23
199,35
274,20
192,23
192,23
192,23
274,20
274,20
192,23
245,22
178,28
185,24
185,24
245,22
175,25
175,25
175,25
175,25
256,20
175,25
175,25
175,25
256,20
175,25
175,25
175,25
175,25
175,25
175,25
175,25
256,20
175,25
256,20
175,25
148,24
168,23
168,23
168,23
148,25
148,24
148,24
148,25
168,23
168,23
148,23
168,22
168,22
168,22
168,23
168,23
148,24
148,23
168,22
168,23
168,22
148,23
168,22
148,24
168,22
168,23
168,23
148,23
166,24
166,25
224,20
166,25
224,20
166,25
166,24
166,25
166,25
166,24
166,25
224,20
166,25
166,24
166,24
166,25
166,24
166,25
200,16
255,15
255,15
255,14
255,14
255,14
253,14
253,14
253,15
253,14
253,15
200,15
287,18
287,18
287,18
287,18
287,18
570,15
310,18
420,17
420,17
420,17
520,15
520,15
570,15
440,16
310,18
520,15
310,18
520,15
570,15
310,18
570,15
310,18
440,16
310,18
420,17
420,17
420,17
240,16
205,17
240,16
205,18
240,17
205,18
322,11
322,11
100,25
93,26
93,26
93,25
170,24
150,30
170,24
170,24
170,24
150,30
170,24
170,24
170,24
170,24
170,24
150,30
170,24
170,24
170,24
150,30
170,24
170,24
280,20
170,24
170,24
170,24
170,24
170,25
170,25
170,25
170,25
170,25
170,25
170,25
280,20
170,25
170,25
170,25
170,25
170,25
170,25
170,25
280,20
170,23
170,23
170,23
170,23
170,23
280,20
205,15
205,14
205,15
205,15
205,15
205,15
205,15
205,15
205,15
205,15
205,15
205,15
205,15
205,15
205,15
205,15
205,15
205,15
205,15
205,15
260,20
260,20
260,19
260,20
260,19
260,19
260,19
260,20
260,20
260,20
260,19
260,19
260,20
260,19
260,20
260,19
260,20
260,20
260,19
260,19
284,19
284,20
284,20
284,20
284,20
284,19
284,19
284,19
335,14
420,11
420,11
335,14
420,11
335,14
420,11
444,11
444,11
335,14
335,14
453,11
453,11
453,11
453,11
453,11
453,11
453,11
453,11
453,11
453,11
453,11
453,11
150,15
150,14
150,14
150,15
116,17
116,17
116,17
150,14
116,19
116,19
116,17
116,19
150,15
150,14
150,15
150,14
150,16
150,14
116,19
116,17
116,17
150,14
116,19
150,16
150,14
116,19
250,17
250,18
250,18
250,18
250,17
250,17
250,17
250,17
250,17
250,18
250,18
250,18
250,18
250,17
280,18
280,19
280,18
280,18
280,18
280,19
280,19
280,18
280,19
280,19
280,18
280,19
280,18
280,20
280,19
280,19
280,19
280,18
280,19
280,18
280,19
280,19
280,18
280,19
280,19
280,18
280,18
280,18
280,20
280,18
280,19
280,19
280,19
280,19
81,25
200,20
200,20
200,20
200,20
200,20
200,20
195,19
138,15
161,15
138,15
161,15
161,16
138,15
138,15
161,16
161,16
161,16
161,15
161,15
161,15
161,16
161,15
161,16
99,53
99,53
99,53
99,53
99,53
99,53
99,53
99,53
99,53
99,53
99,53
99,53
99,53
121,55
121,55
121,55
134,44
134,44
134,44
134,44
134,44
134,44
134,44
134,44
134,43
134,43
134,43
134,43
134,51
134,51
134,51
134,51
134,51
134,51
121,54
121,54
121,54
121,54
121,58
121,54
121,54
121,54
121,54
121,54
121,54
121,58
125,27
125,27
125,27
125,27
125,27
125,27
118,23
118,23
164,18
164,18
118,23
118,23
118,23
164,18
130,22
130,22
130,22
103,25
103,25
140,22
130,22
130,22
130,22
130,22
130,22
130,22
130,22
253,15
253,16
253,15
253,15
253,15
150,19
180,18
150,21
150,21
150,21
150,19
180,18
150,19
90,23
200,20
200,20
200,20
200,20
200,20
200,20
200,20
200,20
200,20
200,20
200,20
200,20
200,20
200,20
328,19
328,18
340,16
340,16
340,16
340,15
328,19
360,28
328,20
328,19
328,20
328,19
360,28
360,29
360,29
328,20
208,23
400,19
400,20
300,19
300,18
360,27
300,19
208,22
360,28
300,19
208,23
208,22
208,23
300,20
400,19
208,22
400,20
360,26
208,23
300,20
300,19
208,22
208,22
208,23
300,19
360,27
272,18
240,24
245,24
220,20
220,20
240,24
272,18
272,18
220,20
220,20
245,24
272,18
240,24
240,24
240,24
240,24
272,18
220,20
272,18
220,20
325,16
325,18
343,18
343,18
325,16
325,18
348,17
330,19
330,18
330,17
348,19
330,19
330,17
330,19
330,18
330,17
400,19
300,19
300,19
208,22
400,20
208,21
208,21
208,22
330,17
330,18
360,29
420,16
420,16
330,18
330,18
330,17
416,16
420,16
420,16
360,29
416,16
330,17
420,16
330,18
420,16
360,29
420,16
420,16
330,18
330,18
330,18
240,19
240,19
333,16
280,16
280,16
240,19
333,16
240,19
240,19
280,16
280,16
240,19
333,19
333,19
333,19
404,15
523,13
404,16
404,16
523,15
404,16
404,16
523,15
404,16
404,16
404,16
404,16
523,15
260,19
260,19
260,19
260,19
260,20
260,20
260,20
260,20
260,20
260,20
260,20
260,20
240,14
240,14
240,13
240,14
240,14
240,14
325,17
325,17
325,17
325,17
325,17
325,17
325,17
325,17
320,12
320,12
320,12
320,12
400,14
400,14
230,26
265,21
230,25
265,19
265,21
250,25
250,26
265,19
295,19
295,20
325,17
325,16
325,17
325,16
325,17
325,16
400,14
400,14
400,14
400,14
400,13
400,14
400,13
400,14
400,14
400,14
400,14
268,14
210,18
268,15
210,18
302,16
210,18
240,17
250,18
525,12
430,11
550,13
525,13
430,14
525,12
430,14
430,11
525,13
550,12
550,13
430,14
430,14
525,12
570,13
550,13
525,13
430,11
430,11
550,12
525,12
525,13
550,12
540,14
610,14
150,19
150,19
150,19
150,19
150,19
150,19
150,19
150,19
170,22
170,21
170,21
170,22
170,22
170,21
170,22
170,21
170,20
170,21
170,21
170,20
170,20
170,20
210,15
235,14
210,15
210,15
210,14
210,14
235,14
210,16
210,14
210,15
210,15
210,15
210,15
210,14
210,16
275,14
275,14
291,14
291,14
291,14
291,14
195,11
155,14
195,11
155,14
165,13
165,13
125,12
125,12
170,10
170,11
125,12
125,12
125,12
125,12
170,10
125,12
170,11
125,12
180,11
230,12
180,14
180,14
230,11
180,11
180,14
180,14
180,11
230,12
230,11
230,11
180,11
230,11
180,11
180,11
180,11
230,12
180,14
180,14
230,12
180,14
230,12
230,12
230,12
180,14
230,12
180,11
170,10
170,11
170,10
170,10
170,10
170,10
125,11
170,11
125,11
125,11
230,11
230,12
230,12
230,12
230,11
180,13
180,13
230,12
230,12
230,12
180,11
230,12
230,12
230,12
180,11
116,17
143,15
143,15
116,17
116,17
143,15
116,17
116,17
116,17
143,15
116,17
116,17
116,17
116,17
115,17
116,17
116,17
116,17
116,17
225,12
175,13
175,13
225,12
175,13
225,12
175,13
175,13
225,12
175,13
175,13
175,13
175,13
225,13
225,13
215,16
345,13
310,12
310,13
345,13
310,12
310,13
310,13
310,13
310,12
215,16
345,13
310,12
310,13
345,13
310,13
345,13
345,13
215,16
310,12
310,12
310,13
390,13
310,14
390,14
310,13
310,13
310,13
210,14
310,13
310,14
310,13
310,14
310,13
310,14
390,14
210,14
210,14
310,13
310,14
310,13
390,13
310,13
310,13
310,13
215,14
310,14
310,14
310,14
215,14
310,14
310,13
390,14
215,14
390,14
310,13
390,13
310,14
310,13
310,13
390,13
310,13
230,12
175,13
230,12
175,13
230,12
175,14
175,14
175,13
175,13
225,12
225,12
175,13
175,13
225,11
225,11
175,12
175,13
170,10
170,11
170,10
170,11
170,10
170,11
230,11
230,11
230,11
230,11
230,11
230,11
230,11
230,11
230,11
230,11
230,11
230,11
230,11
230,11
230,11
230,11
240,21
240,21
240,21
240,21
240,21
240,21
240,21
240,21
240,21
240,21
240,21
240,21
240,21
240,21
240,21
240,21
240,21
240,21
240,21
240,21
240,21
240,21
240,21
240,20
240,21
240,20
240,21
240,21
510,14
340,17
340,17
510,14
510,14
510,14
340,17
340,17
340,17
340,17
510,14
550,14
510,14
510,14
340,17
510,14
510,14
510,14
550,14
340,17
254,22
340,17
254,22
510,14
510,13
510,13
510,13
340,17
510,13
510,13
510,13
340,17
510,13
510,13
510,13
340,17
510,13
510,13
340,17
340,17
510,13
510,13
510,13
510,13
340,17
340,17
340,17
510,13
510,13
510,13
254,22
510,14
510,14
510,14
340,17
550,14
510,14
380,17
254,22
143,21
143,21
207,15
207,15
207,15
143,21
207,15
143,21
207,15
207,15
207,15
143,21
207,15
207,15
143,21
207,15
143,21
143,22
207,15
207,15
207,15
207,15
143,22
143,22
207,15
143,22
143,22
207,15
143,22
207,16
207,16
143,22
207,15
143,22
207,15
207,16
143,22
550,13
552,14
552,14
470,13
470,13
470,13
470,13
154,78
194,34
194,34
194,34
194,34
194,34
176,24
176,22
176,24
176,22
176,24
176,22
176,24
176,22
176,24
176,24
176,22
176,24
176,22
176,22
176,23
176,22
176,22
176,23
176,22
176,22
176,23
176,23
176,23
176,22
241,22
241,22
255,19
255,19
306,19
306,19
306,19
306,19
306,19
306,19
467,16
467,16
467,16
273,19
273,19
273,20
273,20
279,20
279,19
279,19
279,20
279,20
279,19
279,20
279,20
279,19
279,19
279,19
279,20
279,20
279,19
279,20
279,19
279,19
279,19
279,20
279,20
165,16
165,16
170,16
170,16
259,21
259,21
259,21
259,21
259,19
259,19
259,19
182,19
259,19
259,21
259,21
259,19
259,21
259,19
259,21
182,19
259,19
205,17
205,17
185,16
185,17
195,17
195,16
196,17
196,17
126,20
126,19
126,20
126,20
126,19
126,19
127,19
127,19
127,19
127,20
127,20
127,20
127,20
127,19
127,19
650,9
250,15
250,15
250,15
250,15
250,15
250,15
250,15
250,15
250,15
250,15
250,15
280,18
280,18
280,18
280,19
280,19
280,19
280,19
280,19
280,18
280,18
280,18
280,18
138,27
138,27
138,27
138,27
138,27
138,27
138,27
138,27
138,27
138,27
138,27
138,27
138,27
138,27
138,27
138,27
138,27
138,27
138,27
138,27
138,27
205,17
240,16
240,16
240,16
300,16
300,16
300,16
300,16
300,17
300,17
300,17
300,17
300,17
300,17
300,17
300,17
310,20
310,20
310,20
310,20
310,20
310,20
377,28
310,20
377,28
310,20
310,20
310,20
260,15
260,15
260,15
260,15
260,15
260,15
260,15
260,15
260,15
170,23
170,22
170,22
170,23
170,25
170,25
170,25
170,26
170,26
170,26
170,25
170,26
170,25
170,25
170,25
170,26
170,26
170,26
170,26
170,25
170,26
170,25
170,25
170,26
162,19
182,18
162,19
182,18
162,19
162,19
182,18
162,19
182,18
162,19
192,18
175,20
192,18
175,20
175,20
197,16
251,17
251,17
197,16
197,16
197,16
251,17
251,17
251,17
251,17
283,17
283,17
283,17
283,17
283,17
283,17
283,17
283,17
283,17
283,17
283,17
283,17
283,17
283,17
420,13
420,12
420,13
450,16
450,16
450,16
450,16
450,16
450,16
450,14
560,16
560,15
560,15
160,24
160,24
160,22
160,22
200,21
160,24
160,22
160,22
160,24
210,20
155,24
155,24
201,20
155,22
155,22
220,17
220,16
220,16
220,17
220,16
220,17
230,17
230,16
230,17
230,16
223,17
223,16
270,18
270,18
270,18
270,18
295,19
295,20
295,19
295,19
295,20
295,20
295,19
268,27
268,28
268,28
268,27
268,27
268,26
295,32
295,30
308,30
308,30
308,31
308,31
308,31
255,15
255,15
255,15
232,16
212,16
232,16
232,16
232,16
212,16
212,16
232,16
212,16
212,16
232,16
232,16
212,16
232,16
232,16
232,16
212,16
160,15
160,15
160,16
160,16
160,16
160,15
160,16
165,16
165,15
165,16
165,15
165,15
165,16
165,16
165,16
165,15
165,15
165,16
165,15
165,15
165,15
165,15
165,15
165,15
165,15
165,15
165,15
165,15
165,15
165,15
165,15
190,15
120,17
120,17
190,12
190,15
120,19
190,14
190,15
120,17
120,19
190,14
190,15
190,14
190,14
120,17
190,15
120,17
190,15
190,14
190,15
120,19
190,12
120,19
120,19
190,14
120,17
120,19
190,12
120,17
120,19
120,19
190,12
120,19
120,19
190,14
160,15
160,15
160,15
160,15
160,15
160,15
150,15
150,15
150,14
150,14
150,14
150,14
150,14
150,14
150,15
150,15
150,15
150,14
105,21
105,21
160,15
105,21
105,21
105,21
105,21
105,21
160,15
160,15
160,15
105,21
160,15
105,21
105,21
160,15
160,15
160,15
160,15
449,17
577,15
449,16
577,15
621,13
621,13
523,12
449,16
621,13
449,16
577,15
449,17
523,12
449,16
577,15
621,13
577,15
449,16
449,17
523,13
577,14
621,13
621,14
449,18
237,18
237,18
237,18
237,18
237,18
237,18
237,18
292,23
292,23
292,23
292,23
292,21
292,21
227,18
227,19
168,20
227,20
168,21
227,21
227,21
227,21
333,18
333,17
333,17
333,18
333,17
333,17
333,18
333,18
333,18
333,17
333,18
333,17
333,18
333,17
333,18
333,18
333,18
333,17
333,17
333,18
333,18
240,22
250,20
302,24
250,20
325,19
325,19
240,25
240,25
302,24
240,25
302,23
345,18
302,22
250,20
250,20
302,22
240,26
250,20
240,26
250,20
302,23
250,20
240,25
325,18
325,18
240,25
240,25
240,25
302,23
420,17
450,18
450,18
450,18
450,18
168,17
168,17
190,17
236,17
162,19
190,18
236,18
190,16
190,17
190,16
168,19
190,17
168,19
236,18
420,17
450,17
450,17
450,17
240,20
300,18
300,19
300,19
240,26
240,26
240,25
240,25
520,17
520,16
605,15
605,15
181,16
250,23
316,22
250,23
316,22
190,14
190,15
190,14
190,14
190,15
190,14
190,14
190,12
190,14
190,12
190,14
190,12
66,24
66,24
66,24
66,24
264,18
264,19
190,20
190,19
264,18
264,19
265,18
190,20
190,19
265,19
265,19
265,20
265,19
190,21
190,20
265,20
290,18
290,18
290,18
290,18
290,18
290,18
290,18
290,18
290,18
290,18
290,17
290,17
290,17
290,17
290,17
290,18
290,18
290,17
285,11
310,13
285,11
195,14
285,11
285,11
285,11
285,11
285,11
285,11
285,11
285,11
285,11
285,11
310,13
280,11
280,11
310,13
280,11
285,11
285,11
285,11
285,11
285,11
285,11
285,11
285,11
285,11
285,11
285,11
285,11
225,17
225,17
225,17
290,17
290,16
290,16
288,16
288,16
288,16
92,23
115,23
92,23
92,23
115,23
92,23
115,23
92,24
92,24
235,16
173,21
173,21
173,21
173,21
235,15
186,18
173,21
173,21
186,18
235,16
173,21
173,20
173,21
173,21
235,16
173,21
186,18
173,20
173,21
276,18
276,18
276,18
276,17
276,18
276,18
276,18
276,17
276,18
276,18
276,17
276,18
276,18
276,18
276,18
130,30
130,30
130,30
130,27
130,30
130,30
130,29
130,29
130,27
130,29
130,30
130,29
124,29
188,27
124,29
130,27
124,29
124,29
188,26
125,21
125,21
125,20
125,20
125,22
125,22
125,19
125,19
381,13
381,13
381,13
381,13
381,13
381,13
381,13
381,13
381,13
381,13
381,13
381,13
381,13
381,13
381,13
381,13
381,13
381,13
381,13
381,13
381,13
381,13
381,13
381,13
381,13
381,13
381,13
275,16
300,16
300,16
275,16
275,16
93,23
100,20
152,18
93,23
93,23
152,18
93,23
100,20
152,18
152,18
100,20
100,20
93,23
93,23
100,22
100,22
100,22
100,22
100,21
93,23
93,23
100,21
526,14
526,14
526,15
526,14
526,15
526,14
550,15
662,15
662,15
662,15
662,15
120,20
95,21
95,21
95,21
95,21
120,20
95,21
120,19
95,21
120,19
95,21
120,19
95,21
95,21
95,20
95,19
120,20
120,20
95,21
95,20
95,21
120,20
120,20
266,16
266,16
266,16
266,18
266,18
266,18
266,18
266,16
266,16
266,18
266,18
266,18
266,18
266,18
266,18
266,18
266,18
266,16
266,18
266,18
266,18
266,16
266,18
266,18
266,16
266,18
266,18
266,16
266,18
266,16
266,18
266,18
266,18
266,18
296,19
296,19
296,18
296,18
296,19
296,18
296,19
296,19
296,19
296,19
296,19
296,19
296,19
296,19
296,18
296,19
296,18
295,14
295,14
295,13
295,13
310,13
295,13
195,15
285,15
295,14
195,14
295,13
295,14
285,15
195,15
295,13
295,14
285,14
285,15
295,14
195,14
295,13
285,15
295,14
295,14
195,15
285,14
295,14
295,13
285,15
285,15
295,13
295,14
295,13
195,14
295,13
285,14
195,15
285,14
285,14
295,14
295,14
310,13
295,14
285,14
285,14
285,14
285,14
345,13
295,13
332,20
332,20
332,20
332,20
332,20
332,20
332,20
332,20
332,20
332,20
332,20
332,20
355,16
285,17
355,16
285,18
285,17
285,17
355,16
285,17
285,18
355,16
355,16
285,17
285,18
285,18
285,18
285,18
285,18
285,17
285,17
285,18
285,17
355,16
355,16
285,18
355,16
285,17
285,17
355,16
355,16
285,18
355,16
285,18
355,16
285,18
355,16
355,16
285,18
285,18
285,17
355,16
355,16
285,17
285,17
355,16
285,18
285,18
285,18
355,16
355,16
355,16
285,18
285,17
355,16
285,17
355,16
285,17
285,17
285,17
355,16
355,16
355,16
355,16
355,16
285,18
285,18
355,16
285,17
355,16
285,17
355,16
355,16
285,17
285,17
355,16
285,18
355,16
285,18
355,15
285,17
285,18
285,18
285,18
285,17
355,16
355,15
355,16
285,17
355,16
285,17
285,18
300,13
300,13
300,13
300,13
300,13
300,13
325,10
200,13
200,12
200,12
200,13
142,16
185,16
185,17
185,16
185,17
185,17
185,17
185,17
185,16
185,17
185,16
185,16
185,16
185,17
185,17
185,17
322,11
322,11
285,14
285,15
295,14
295,14
285,14
295,13
195,14
295,14
295,13
295,13
295,13
195,15
195,14
295,13
285,14
195,14
285,15
295,14
285,15
195,15
295,14
285,15
295,13
295,14
195,14
310,13
295,13
195,15
295,13
285,14
295,14
285,15
195,15
295,13
295,14
295,14
295,14
295,14
295,14
345,13
195,14
310,13
285,14
195,14
295,13
285,14
285,14
295,13
295,14
332,20
332,20
332,20
332,20
332,20
332,20
332,20
332,20
332,20
332,20
332,20
332,20
355,16
285,17
285,18
355,16
285,17
285,17
285,18
285,17
285,17
355,16
355,16
355,16
285,17
285,17
285,17
285,17
285,18
355,16
285,18
355,16
355,16
285,17
285,18
285,18
285,17
285,18
285,17
285,17
285,18
355,16
285,18
355,16
285,17
285,17
355,16
355,16
355,16
355,16
355,16
285,18
285,18
285,18
285,18
285,17
285,18
285,17
285,18
355,16
285,18
285,18
285,18
285,17
285,18
285,18
285,17
285,17
285,18
355,16
285,17
285,18
285,17
285,18
285,17
285,17
355,16
285,18
355,16
355,16
355,16
285,18
355,16
285,17
355,16
285,18
285,17
285,18
355,16
285,17
355,16
285,18
285,17
355,16
285,17
355,16
355,16
285,17
285,17
355,16
355,16
285,18
285,17
355,16
285,17
285,17
355,16
355,16
355,16
285,17
355,16
285,17
355,16
285,18
285,18
285,18
285,18
285,17
285,18
285,18
355,16
285,18
285,18
355,16
285,17
285,17
355,16
355,15
285,17
285,17
355,15
355,15
285,17
285,17
285,17
285,18
355,16
355,16
285,17
355,15
285,18
285,18
285,18
355,15
355,16
355,16
355,15
355,16
285,18
355,16
285,18
355,16
285,17
285,17
285,17
355,15
285,17
285,17
355,16
355,15
285,17
285,17
285,18
355,16
285,18
285,17
285,17
285,18
200,15
150,19
155,19
155,19
155,18
155,18
150,19
150,19
150,19
329,20
429,17
621,14
557,16
449,17
329,20
621,14
577,16
449,17
577,16
621,14
362,20
362,20
241,25
302,21
415,19
201,22
201,22
302,21
415,19
302,21
241,25
416,19
641,11
617,12
617,12
583,13
583,13
583,13
583,13
622,13
583,13
583,13
563,14
563,14
563,14
190,13
190,13
215,13
215,13
177,17
260,19
173,19
260,19
260,19
173,19
173,19
260,19
173,19
173,19
260,19
199,36
199,36
193,40
193,39
193,39
193,39
193,38
193,38
185,24
185,24
245,23
185,24
185,24
185,24
245,21
185,25
245,21
245,23
185,25
185,24
177,28
245,23
185,25
185,25
185,25
185,25
245,21
245,23
178,28
185,25
185,25
178,28
185,25
185,25
185,25
245,22
185,25
178,28
185,25
185,25
245,22
245,22
185,25
185,25
138,25
138,25
138,25
138,29
138,25
138,26
138,29
138,25
138,25
138,27
138,27
138,26
138,27
138,27
138,26
138,26
138,26
138,27
138,24
138,24
138,27
138,26
138,27
138,27
138,25
138,26
138,24
138,26
138,24
138,25
138,24
138,27
138,25
138,24
138,24
138,27
138,28
138,28
138,28
138,25
190,15
120,19
190,14
120,17
120,19
190,14
120,17
120,17
190,12
120,19
120,19
190,14
190,12
120,19
120,17
190,12
120,17
120,19
290,18
191,20
290,18
290,18
290,18
290,18
290,18
191,19
290,18
290,18
290,18
185,21
290,18
290,18
290,17
240,19
185,21
290,17
290,18
185,21
290,18
240,20
290,18
240,20
240,19
185,21
290,18
290,18
290,17
240,20
290,18
290,17
290,18
290,18
185,21
290,18
185,21
240,19
130,24
164,23
164,23
130,24
130,24
130,24
164,23
164,23
130,24
130,24
164,24
164,24
140,128
140,128
140,128
140,128
140,128
140,128
84,31
84,30
84,31
84,31
84,30
84,30
98,30
98,31
98,31
98,31
98,30
98,30
98,29
98,29
98,30
98,30
98,29
98,30
138,23
138,23
138,23
138,23
138,23
138,23
138,23
138,24
138,24
138,23
138,23
138,23
138,24
138,24
138,23
138,23
138,23
138,24
138,23
138,24
138,23
138,24
138,24
101,22
101,21
100,19
100,19
182,21
260,20
182,21
182,19
260,19
182,19
182,19
182,21
260,19
182,21
260,20
182,19
181,21
240,21
181,22
237,20
181,22
181,21
200,11
200,11
200,11
200,11
155,14
155,14
163,13
163,13
390,10
390,10
390,10
390,10
385,10
385,11
354,17
354,17
354,17
354,17
354,17
354,17
640,12
640,12
640,12
640,12
308,16
308,16
308,17
308,17
308,17
308,16
308,17
308,17
308,16
308,17
308,16
308,17
308,16
308,17
308,17
308,16
308,16
308,17
308,16
308,17
308,17
415,14
415,14
415,14
300,14
395,14
395,14
138,19
138,19
138,19
138,19
138,18
138,19
138,19
320,16
222,17
222,17
164,17
222,17
320,16
164,17
222,17
164,17
320,16
200,19
200,19
200,18
200,18
200,19
150,20
200,19
200,17
147,21
142,19
200,19
200,19
200,18
150,19
147,21
200,19
150,20
469,12
469,13
469,13
320,15
302,17
302,18
320,15
302,18
302,18
320,15
302,18
302,18
302,18
355,16
355,16
355,15
355,15
355,15
355,16
355,16
355,15
355,16
355,15
355,16
355,15
355,15
355,16
355,15
355,15
355,16
355,16
255,12
255,11
255,12
255,12
255,12
255,12
111,22
140,17
111,22
111,22
111,22
111,22
110,22
110,22
110,22
110,22
110,22
140,17
110,22
110,22
110,22
140,17
100,20
93,23
93,23
100,20
93,23
93,23
100,22
93,23
100,22
93,23
100,21
100,21
93,23
93,23
140,22
140,23
140,23
140,23
140,23
532,9
532,9
631,12
320,16
220,16
320,15
220,16
225,17
320,15
230,15
230,15
230,15
230,15
230,15
230,15
230,15
230,15
79,33
79,31
79,31
79,26
79,26
79,31
79,31
150,22
148,23
148,23
150,22
148,23
150,23
148,23
150,22
150,23
148,23
150,23
148,23
150,22
148,23
150,22
148,23
148,23
148,23
148,25
148,25
150,23
148,23
150,23
150,22
150,22
150,22
150,22
148,23
148,25
148,23
148,23
148,23
150,23
280,13
190,15
190,15
190,15
150,18
190,15
190,15
190,15
150,17
190,15
190,15
150,17
190,15
190,15
190,15
190,15
236,15
159,19
236,16
159,18
159,19
236,15
159,21
159,19
236,16
236,17
236,17
236,15
236,16
236,15
236,16
236,16
159,19
236,17
159,18
159,19
278,18
159,19
278,18
278,18
278,18
278,19
278,18
159,19
278,17
278,17
278,18
278,19
278,18
278,19
278,18
278,18
278,19
278,19
159,19
278,19
159,19
278,17
278,19
278,18
278,19
159,19
159,19
278,18
278,18
278,17
278,17
159,19
278,19
278,18
278,18
278,18
159,19
278,18
278,18
278,18
159,19
278,19
278,19
278,17
159,19
278,19
278,18
159,19
278,18
278,19
278,19
159,19
278,17
159,19
278,18
278,19
278,18
278,18
278,19
278,19
332,20
332,20
332,20
332,20
332,20
332,20
255,11
255,12
355,16
355,16
355,16
355,16
355,16
355,16
355,16
355,16
355,16
355,16
355,16
355,16
355,16
355,16
355,16
355,16
355,16
355,16
260,15
260,15
260,16
260,16
260,15
260,16
263,17
263,15
263,15
263,17
263,15
263,17
288,19
288,19
365,17
288,18
288,18
288,19
288,18
288,18
288,18
288,17
365,16
288,17
288,18
288,18
365,16
288,17
288,17
288,18
141,15
200,16
141,16
179,23
179,23
179,23
179,23
179,23
179,23
179,23
179,23
179,23
179,23
179,23
179,23
179,23
179,23
96,21
96,21
140,19
96,21
140,19
96,21
96,21
96,21
96,21
96,21
96,21
93,27
93,27
93,29
93,28
93,28
93,28
93,27
182,22
182,20
182,22
182,22
182,20
182,22
182,20
182,22
182,20
182,22
182,20
182,22
182,22
182,22
182,20
182,22
182,20
182,22
182,20
182,20
182,20
182,21
182,20
182,21
182,21
182,20
182,21
182,21
182,20
200,15
200,16
200,16
200,15
196,15
201,16
201,16
196,15
240,16
240,16
240,16
280,16
280,16
280,16
280,16
280,15
280,15
280,16
280,16
138,19
172,17
172,16
138,21
172,17
172,17
172,17
172,16
172,17
138,20
172,17
172,17
138,20
172,20
138,20
172,17
172,17
172,17
138,20
172,17
200,20
200,20
200,20
200,21
200,20
200,21
200,20
200,21
200,21
200,21
200,21
200,20
200,20
200,21
200,20
200,21
200,21
200,20
200,20
200,20
200,20
200,20
200,20
200,20
200,20
200,20
317,12
317,13
317,12
317,13
317,12
317,13
317,13
317,12
317,12
317,12
317,13
317,12
317,13
317,12
317,13
317,12
317,13
317,12
317,13
317,12
317,13
317,12
317,12
317,12
317,13
317,12
390,15
390,15
390,15
390,15
390,15
390,15
390,15
390,15
390,15
305,18
280,20
305,18
305,18
280,20
305,17
280,20
280,20
305,18
305,18
305,17
280,20
305,18
280,20
280,20
280,20
280,20
305,17
305,18
280,20
305,18
305,18
280,20
290,21
206,24
290,21
290,21
290,21
206,24
290,21
290,21
290,21
290,21
206,24
290,21
290,21
206,24
290,21
206,24
290,21
206,24
290,21
290,21
290,21
165,16
165,16
170,16
170,16
170,16
170,16
185,17
185,17
264,16
185,17
185,17
264,16
185,17
185,17
264,16
264,17
350,12
280,14
310,15
221,17
280,14
350,13
240,20
240,20
280,17
280,17
280,17
280,17
380,20
240,20
280,17
280,17
240,21
280,17
240,21
280,17
240,21
280,17
280,17
280,17
283,17
283,17
283,17
283,17
283,17
283,17
283,17
283,17
283,17
283,17
283,17
283,17
283,17
283,17
283,17
283,17
283,17
239,16
239,16
239,16
239,16
239,16
239,16
239,16
239,16
127,20
127,20
127,20
155,16
127,20
155,16
127,20
155,17
165,16
165,17
127,20
127,20
127,20
127,20
165,16
127,20
165,17
165,17
165,17
165,17
165,17
275,14
275,14
275,13
275,13
275,12
275,13
275,12
275,13
291,14
291,14
291,14
291,14
291,14
395,13
395,12
291,14
395,12
395,13
291,14
291,14
285,14
285,14
285,14
285,14
285,14
285,14
390,12
285,14
390,12
390,12
285,14
390,12
285,14
285,14
285,14
285,14
390,12
285,14
285,14
390,12
285,14
285,14
180,17
180,16
180,16
180,16
180,16
180,16
180,16
169,20
169,21
169,20
169,21
169,20
169,21
169,21
169,21
169,20
169,20
169,20
169,21
169,21
169,20
169,21
169,21
169,20
169,20
169,20
169,20
169,21
169,20
169,21
169,20
169,21
169,20
169,21
169,21
169,21
169,21
169,20
169,19
169,19
169,20
169,19
169,19
169,20
169,19
169,19
169,19
169,20
169,20
169,20
169,19
169,20
169,20
275,14
275,14
275,14
275,14
275,14
275,14
310,14
310,14
275,14
275,14
275,14
275,14
275,14
275,14
275,14
275,14
275,14
275,14
275,14
275,14
275,14
275,14
275,14
275,14
275,14
275,14
275,14
275,14
310,14
275,14
275,14
310,14
275,14
275,14
275,14
275,14
275,14
275,14
275,14
275,14
275,14
275,14
275,14
275,14
275,14
275,14
275,14
275,14
288,16
281,17
281,16
281,16
281,17
281,16
281,17
288,17
288,15
281,15
288,15
281,15
281,15
281,15
281,15
281,15
281,15
281,15
281,15
281,15
281,15
288,15
281,15
281,15
281,15
288,15
138,26
138,24
138,24
138,26
138,24
138,26
138,26
138,24
138,24
138,24
138,26
138,24
138,26
138,26
138,24
138,26
138,24
138,25
138,24
138,25
138,24
138,25
256,16
256,16
256,16
256,16
256,16
133,34
133,29
133,29
133,34
177,34
177,34
177,29
177,29
171,19
171,22
240,18
171,20
240,17
171,19
171,19
240,17
171,20
171,20
240,18
240,18
240,17
171,20
171,20
171,21
171,21
171,22
171,21
240,19
240,18
171,20
171,21
171,20
171,21
240,18
171,21
171,20
171,23
171,20
240,19
135,21
207,16
147,17
207,14
147,17
147,16
207,14
207,14
147,17
147,17
135,21
207,15
147,17
135,21
207,14
134,19
153,16
134,19
134,19
153,16
134,16
153,14
153,14
134,16
134,19
134,19
134,15
134,15
134,15
134,19
134,19
134,15
134,19
134,15
134,19
134,15
134,19
134,19
201,22
201,22
201,22
201,22
201,22
201,22
201,22
280,19
280,19
201,22
201,22
201,21
201,22
201,22
201,21
201,22
280,19
201,21
201,22
280,19
201,22
201,22
360,18
360,18
211,22
211,22
220,23
220,23
220,23
220,23
265,22
265,22
292,23
292,23
182,21
164,23
182,20
182,21
180,20
164,21
182,20
180,20
175,26
175,25
175,25
164,21
175,24
175,24
175,25
164,23
164,23
164,21
175,25
175,25
175,24
175,24
175,26
175,25
310,14
381,13
381,13
381,13
381,13
381,13
381,13
381,13
381,13
381,13
310,15
381,13
381,13
310,14
381,13
381,13
381,13
381,13
381,13
310,14
381,13
381,13
381,13
381,13
381,13
381,13
381,13
381,13
381,13
310,15
381,13
310,15
381,13
381,13
381,13
381,13
381,13
381,13
381,13
381,13
381,13
381,13
310,14
381,13
381,13
381,13
310,14
381,13
381,13
381,13
381,13
381,13
381,13
381,13
381,13
381,13
381,13
381,13
381,13
381,13
310,15
381,13
310,15
381,13
381,13
381,13
310,14
381,13
381,13
381,13
381,13
381,13
381,13
381,13
381,13
381,13
381,13
381,13
310,15
381,13
381,13
381,13
381,13
381,13
381,13
381,13
381,13
381,13
381,13
381,13
381,13
381,13
381,13
381,13
310,15
381,13
381,13
381,13
381,13
381,13
310,14
381,13
381,13
381,13
381,13
381,13
381,13
381,13
310,15
381,13
381,13
381,13
381,13
381,13
381,13
381,13
381,13
381,13
381,13
310,14
381,13
381,13
381,13
381,13
381,13
381,13
381,13
381,13
310,15
310,14
381,13
381,13
381,13
381,13
381,13
381,13
381,13
381,13
381,13
381,13
285,14
285,13
201,16
201,16
201,16
201,16
201,16
201,16
201,16
201,16
196,15
240,16
240,16
240,16
240,16
240,16
240,16
240,16
240,16
240,16
240,16
240,16
240,16
240,16
240,16
460,11
460,10
520,10
520,10
565,12
565,12
565,12
510,11
510,11
510,11
510,11
510,11
510,11
160,19
170,19
170,19
170,19
168,20
227,18
227,20
168,21
227,21
227,21
250,20
250,20
250,20
250,20
240,22
240,22
325,19
250,20
240,25
325,19
250,20
240,25
302,22
250,20
345,18
250,20
302,22
240,25
240,25
325,18
325,18
240,25
250,20
302,23
240,25
240,25
240,25
235,16
235,16
235,18
235,18
430,13
420,13
430,13
420,14
420,13
420,14
430,14
430,14
430,13
430,13
430,13
430,13
430,14
430,14
430,14
430,13
430,14
430,14
430,14
430,13
430,13
430,13
430,13
430,14
430,13
430,14
430,13
430,14
430,14
430,14
430,13
430,14
276,13
276,13
276,13
181,16
90,14
90,15
90,14
90,16
90,16
90,16
90,16
90,16
90,16
90,16
90,16
200,15
165,15
165,15
200,15
200,12
165,15
165,15
165,13
165,15
165,15
165,15
106,15
106,16
565,13
565,13
568,13
568,13
568,13
568,13
568,13
568,13
107,16
107,18
201,24
132,28
132,28
132,28
201,24
201,24
138,26
138,26
132,28
138,26
201,24
201,24
132,28
132,27
201,24
132,27
132,27
138,26
201,24
201,24
132,28
132,27
201,25
201,25
132,28
132,27
201,27
201,25
201,27
201,25
185,16
185,16
185,17
185,17
185,17
185,16
185,17
185,17
185,17
185,17
185,17
185,17
185,17
185,16
185,17
185,17
185,17
185,17
185,17
185,17
185,17
185,17
181,20
268,18
268,18
268,19
268,19
268,19
181,20
181,20
268,18
181,20
268,19
268,18
181,20
268,19
268,18
268,18
181,20
268,19
181,20
181,20
268,18
181,20
268,18
181,20
181,20
268,19
181,20
260,16
260,17
260,17
260,16
260,17
260,17
260,16
260,16
260,16
260,16
260,17
260,17
180,21
250,21
180,21
180,21
180,21
180,21
180,21
180,21
180,21
180,21
250,21
180,21
180,21
180,21
155,17
155,17
155,17
155,18
155,18
155,18
155,18
155,17
155,17
109,31
109,31
109,31
109,31
109,31
109,27
109,31
109,31
109,27
109,31
109,31
109,31
109,31
109,31
109,31
109,31
109,31
109,31
109,31
109,27
109,31
109,26
109,31
109,26
109,31
109,31
109,27
109,31
109,26
109,27
109,31
109,31
1001,8
1001,8
1001,8
126,26
132,26
158,21
158,21
158,20
158,20
132,26
158,21
158,21
176,18
176,18
176,18
176,18
176,18
176,18
645,12
645,12
645,12
645,12
645,12
645,12
645,12
645,12
645,12
645,12
645,12
645,12
645,12
645,12
490,13
490,13
127,20
127,20
127,20
127,20
127,20
127,20
127,20
127,20
127,20
127,20
127,20
127,20
165,17
165,17
165,17
165,17
180,16
150,18
180,16
150,17
150,17
150,18
180,17
150,18
150,17
150,17
158,16
158,16
150,18
158,16
150,18
200,16
200,16
200,16
200,16
200,16
200,16
200,16
200,16
200,16
200,16
200,16
200,16
200,16
200,16
200,16
200,16
200,16
200,16
200,16
200,16
200,16
624,13
624,13
624,13
305,17
268,19
305,17
305,17
268,21
268,19
268,21
268,21
305,17
305,17
268,20
305,17
268,20
305,17
268,18
268,18
268,20
305,17
268,20
268,18
305,17
268,20
268,18
268,20
305,17
95,22
95,22
95,22
95,22
95,22
95,22
95,22
240,23
240,22
300,18
228,22
228,23
228,22
300,19
240,21
180,27
240,21
240,21
300,19
240,21
180,27
180,27
300,19
240,21
240,21
240,20
300,19
360,18
240,20
300,19
355,19
240,20
567,14
567,14
567,14
255,24
300,19
300,18
445,15
300,18
445,15
255,23
300,18
300,18
300,18
255,23
445,15
567,14
567,14
567,14
300,18
445,15
300,19
300,18
300,18
445,15
300,18
445,15
300,18
108,27
108,27
108,27
108,27
103,27
103,27
158,22
158,22
158,22
158,22
158,22
158,22
158,22
158,22
158,22
158,22
325,17
300,17
302,22
300,17
300,17
300,17
240,24
240,24
300,17
300,17
240,24
240,18
302,22
302,22
240,24
325,17
240,24
240,24
325,17
240,18
240,18
302,22
240,24
325,17
300,17
250,18
302,22
250,18
302,22
250,18
325,17
302,22
240,18
302,22
250,19
250,19
325,17
300,17
302,20
300,17
240,23
240,23
302,20
325,17
250,19
302,20
302,20
302,22
240,23
240,23
302,20
302,20
302,20
240,23
240,18
300,17
300,17
240,18
240,24
300,17
240,18
240,24
240,23
250,19
250,19
240,23
250,19
250,19
240,23
240,23
250,19
240,23
240,16
240,16
250,22
316,20
250,22
316,20
316,20
250,22
316,20
250,22
250,22
250,22
250,22
316,20
316,20
250,22
316,20
197,17
128,27
128,27
128,27
128,27
128,27
128,27
128,27
128,27
128,27
128,27
192,17
192,17
194,15
194,15
194,15
194,15
194,16
194,16
185,16
185,15
185,15
185,16
185,16
185,15
185,15
185,15
185,15
185,16
185,15
185,15
185,15
185,16
185,15
185,15
185,16
185,15
185,16
185,16
185,16
185,15
185,16
185,15
185,15
185,15
185,16
185,16
185,16
252,16
252,16
252,16
252,16
252,16
252,16
252,16
252,16
252,16
252,16
252,16
252,16
252,16
252,16
252,16
252,16
252,16
252,16
252,15
252,15
252,15
252,16
252,16
252,16
252,16
252,16
252,16
252,15
252,15
252,16
252,15
252,17
252,16
252,17
252,16
252,17
252,17
252,16
252,16
443,13
443,14
443,14
443,14
320,15
320,15
320,15
320,15
320,15
320,15
320,15
310,18
310,19
310,19
310,18
310,19
310,18
261,15
261,16
261,16
261,15
261,16
261,15
261,16
261,15
261,16
261,15
261,15
261,16
261,16
261,16
261,15
261,15
261,15
261,15
261,16
261,15
261,16
304,17
304,18
304,18
410,16
304,17
304,17
304,18
410,16
304,18
304,18
304,18
304,18
304,17
410,16
304,17
410,16
304,18
304,17
304,18
304,17
304,18
304,17
304,17
410,16
410,16
304,18
304,18
97,22
145,18
145,16
148,23
148,25
148,25
160,29
160,29
148,25
148,25
148,23
148,26
160,30
160,30
148,23
148,23
148,26
106,30
106,32
106,30
106,30
106,30
106,30
106,30
106,30
106,30
106,30
106,30
106,30
106,30
106,30
106,30
106,30
106,30
106,30
106,30
106,30
106,30
106,30
106,30
255,11
332,20
332,20
332,20
332,20
332,20
332,20
332,20
332,20
332,20
332,20
332,20
332,20
355,15
355,16
355,15
420,15
420,14
355,16
355,16
355,16
355,15
420,15
355,15
420,14
355,15
420,15
420,14
355,15
355,16
355,16
355,16
355,16
355,16
355,16
420,15
420,14
420,15
355,16
420,15
355,16
355,16
355,16
420,15
355,16
355,16
420,15
355,16
355,16
193,17
193,17
170,17
225,19
184,18
225,19
225,19
184,18
225,19
330,15
330,15
330,15
330,15
240,22
300,19
335,17
240,22
300,17
335,17
300,17
240,22
335,17
394,12
394,12
394,12
300,16
300,16
300,16
300,16
300,16
300,16
300,16
221,17
